dt,num_mentions
"2016-7-22","67"
"2016-2-14","65"
"2018-2-26","131"
"2009-8-26","7"
"2016-4-2","68"
"2010-4-14","17"
"2018-8-25","73"
"2012-3-11","17"
"2016-3-22","100"
"2014-7-4","40"
"2011-9-22","27"
"2010-8-2","22"
"2010-1-3","8"
"2018-7-15","70"
"2012-11-20","63"
"2009-1-30","4"
"2016-5-31","86"
"2014-2-5","79"
"2010-3-15","9"
"2010-9-14","12"
"2010-5-13","12"
"2012-1-24","33"
"2017-10-22","77"
"2015-4-17","81"
"2011-5-26","27"
"2016-6-4","48"
"2015-11-5","93"
"2019-1-22","128"
"2018-11-22","119"
"2019-4-19","96"
"2011-9-3","5"
"2019-6-3","111"
"2012-12-28","29"
"2014-8-12","66"
"2013-1-17","46"
"2011-12-11","22"
"2015-12-17","62"
"2012-7-25","45"
"2018-2-2","81"
"2010-6-6","14"
"2016-7-12","87"
"2011-3-2","25"
"2019-1-10","123"
"2013-2-12","47"
"2017-9-3","60"
"2010-8-29","12"
"2014-4-15","81"
"2014-6-21","27"
"2014-11-15","48"
"2014-12-31","48"
"2014-9-30","45"
"2018-5-29","131"
"2013-7-13","40"
"2015-5-11","67"
"2013-11-11","65"
"2009-1-3","1"
"2008-11-27","1"
"2017-2-24","104"
"2014-5-29","78"
"2014-5-7","70"
"2016-3-9","114"
"2011-2-8","27"
"2013-5-12","31"
"2014-12-6","39"
"2011-4-27","27"
"2012-8-7","44"
"2017-7-13","106"
"2011-9-12","27"
"2011-6-22","23"
"2012-5-7","44"
"2012-2-22","31"
"2017-5-8","93"
"2013-1-8","48"
"2012-6-28","50"
"2010-12-17","12"
"2009-12-11","5"
"2013-10-31","75"
"2011-6-6","40"
"2013-6-18","71"
"2016-4-13","92"
"2011-6-3","34"
"2008-9-18","7"
"2013-6-15","31"
"2011-4-15","23"
"2012-5-3","35"
"2009-10-5","8"
"2014-6-4","65"
"2019-8-3","68"
"2016-3-13","70"
"2019-7-9","158"
"2013-4-19","45"
"2015-4-29","98"
"2011-2-25","30"
"2016-5-3","98"
"2018-10-12","124"
"2013-9-11","53"
"2011-3-26","11"
"2011-8-5","27"
"2010-8-20","17"
"2013-3-7","66"
"2013-7-31","66"
"2010-9-1","17"
"2016-3-27","65"
"2012-7-7","18"
"2010-10-19","22"
"2012-2-27","30"
"2010-1-21","12"
"2018-5-20","57"
"2012-3-26","33"
"2017-3-26","82"
"2010-4-29","17"
"2012-7-11","49"
"2014-1-7","77"
"2015-12-14","87"
"2017-6-22","143"
"2018-5-25","114"
"2017-4-26","113"
"2011-7-7","23"
"2014-1-15","72"
"2010-12-11","13"
"2010-9-4","13"
"2012-12-3","41"
"2014-3-20","88"
"2015-3-19","76"
"2011-8-1","21"
"2013-7-26","62"
"2010-5-1","4"
"2019-5-23","110"
"2011-1-6","20"
"2014-11-23","41"
"2009-1-25","3"
"2010-11-22","20"
"2010-3-27","6"
"2014-3-10","76"
"2013-12-14","45"
"2013-7-9","66"
"2017-6-21","128"
"2011-7-21","28"
"2017-10-13","114"
"2010-8-12","25"
"2009-4-27","7"
"2017-12-3","93"
"2016-11-26","53"
"2016-8-12","99"
"2016-8-4","92"
"2009-1-16","2"
"2012-4-15","23"
"2010-1-1","4"
"2018-11-17","60"
"2012-1-2","23"
"2018-2-14","125"
"2016-11-30","94"
"2009-1-17","3"
"2016-9-4","54"
"2017-8-22","95"
"2008-10-15","6"
"2011-11-7","21"
"2011-2-24","26"
"2009-2-25","2"
"2011-4-20","20"
"2013-9-10","74"
"2010-11-29","19"
"2016-9-6","91"
"2014-4-24","68"
"2019-4-5","103"
"2010-2-8","7"
"2015-2-23","68"
"2014-5-21","77"
"2015-5-19","85"
"2012-10-23","52"
"2017-5-26","100"
"2013-8-24","29"
"2017-12-15","75"
"2011-9-21","25"
"2019-3-13","157"
"2013-11-3","51"
"2008-12-2","2"
"2010-6-15","14"
"2012-4-13","28"
"2017-3-10","102"
"2018-1-16","111"
"2016-1-20","104"
"2012-7-13","44"
"2016-8-30","80"
"2018-2-20","104"
"2015-10-15","94"
"2018-10-29","135"
"2009-7-25","4"
"2010-10-28","28"
"2009-7-14","5"
"2009-12-3","13"
"2019-8-12","123"
"2018-1-5","97"
"2015-11-6","83"
"2009-3-29","3"
"2016-7-24","53"
"2013-1-5","26"
"2018-5-18","100"
"2017-10-24","124"
"2010-4-4","7"
"2017-7-23","70"
"2010-6-18","12"
"2013-8-3","28"
"2013-10-15","64"
"2009-11-30","7"
"2009-1-1","1"
"2013-4-27","36"
"2012-12-26","32"
"2013-2-15","47"
"2010-5-2","9"
"2017-4-23","69"
"2013-1-11","41"
"2013-7-10","60"
"2014-11-24","60"
"2009-8-9","2"
"2014-4-7","78"
"2019-6-28","113"
"2014-11-18","68"
"2015-12-20","60"
"2018-2-7","123"
"2015-9-29","99"
"2019-7-25","142"
"2019-8-17","90"
"2018-3-3","76"
"2013-5-2","61"
"2018-12-19","130"
"2012-5-2","30"
"2012-1-3","32"
"2018-3-18","63"
"2017-12-20","110"
"2009-9-1","7"
"2010-11-2","21"
"2010-1-28","7"
"2016-5-19","99"
"2014-5-26","62"
"2018-10-20","77"
"2010-5-21","16"
"2014-10-17","63"
"2009-9-18","6"
"2015-6-17","87"
"2014-1-5","38"
"2014-6-17","59"
"2017-7-15","60"
"2011-3-7","35"
"2008-11-17","9"
"2011-8-8","22"
"2013-11-4","65"
"2017-7-6","111"
"2009-5-11","5"
"2014-12-20","33"
"2012-10-9","48"
"2019-4-24","140"
"2017-8-9","148"
"2013-1-22","65"
"2011-11-20","19"
"2012-10-24","48"
"2009-4-18","4"
"2011-3-10","31"
"2009-12-23","12"
"2011-8-26","21"
"2015-6-5","70"
"2017-10-3","133"
"2013-3-23","35"
"2012-8-11","17"
"2017-5-27","63"
"2018-8-3","98"
"2012-7-23","53"
"2015-6-6","54"
"2019-6-10","107"
"2014-10-28","66"
"2012-6-14","39"
"2010-4-8","19"
"2019-2-9","65"
"2011-9-5","22"
"2012-9-10","41"
"2017-10-31","112"
"2014-12-21","29"
"2008-11-7","1"
"2013-4-21","38"
"2009-9-11","8"
"2010-7-12","16"
"2015-8-14","75"
"2018-7-14","54"
"2018-3-10","81"
"2012-4-6","41"
"2019-8-9","127"
"2010-3-5","10"
"2010-4-20","14"
"2016-8-21","46"
"2016-6-13","101"
"2016-7-25","105"
"2019-3-31","68"
"2015-4-14","97"
"2016-1-15","75"
"2009-7-24","5"
"2015-2-16","74"
"2015-5-8","79"
"2009-8-15","3"
"2016-1-31","45"
"2008-12-9","5"
"2013-9-18","64"
"2013-8-21","68"
"2011-4-28","16"
"2010-4-3","9"
"2018-5-10","115"
"2018-3-20","138"
"2017-6-15","136"
"2012-5-26","20"
"2018-10-27","77"
"2012-10-19","39"
"2019-6-26","169"
"2009-8-14","8"
"2015-12-21","64"
"2017-9-8","118"
"2010-6-7","16"
"2009-5-6","1"
"2016-10-22","48"
"2009-10-2","5"
"2018-5-26","68"
"2016-4-29","110"
"2012-11-3","24"
"2015-3-6","80"
"2015-9-18","76"
"2018-7-3","127"
"2016-12-4","63"
"2010-9-26","6"
"2017-8-7","105"
"2010-10-10","14"
"2011-6-18","16"
"2010-5-20","15"
"2011-5-28","18"
"2009-12-21","13"
"2011-7-13","34"
"2012-1-15","24"
"2016-7-7","97"
"2013-11-29","62"
"2018-1-31","130"
"2015-7-27","105"
"2011-9-28","18"
"2018-4-30","104"
"2019-4-6","78"
"2015-1-3","31"
"2013-2-6","75"
"2013-3-30","26"
"2010-3-21","9"
"2011-4-21","21"
"2012-11-15","51"
"2016-12-15","108"
"2014-7-26","36"
"2015-2-4","81"
"2016-10-31","81"
"2016-1-18","84"
"2014-3-4","79"
"2008-12-3","6"
"2019-6-15","70"
"2012-6-11","36"
"2015-8-20","79"
"2018-2-19","112"
"2016-11-11","93"
"2008-11-21","1"
"2018-1-4","90"
"2016-3-16","89"
"2011-10-24","26"
"2009-9-9","6"
"2008-8-29","2"
"2012-7-14","28"
"2010-11-15","17"
"2010-12-9","15"
"2014-9-3","65"
"2013-12-17","75"
"2010-11-10","19"
"2014-4-9","77"
"2016-10-28","91"
"2015-9-9","79"
"2014-10-25","39"
"2011-2-5","17"
"2017-7-24","105"
"2011-7-31","11"
"2010-11-28","8"
"2009-6-20","1"
"2018-1-18","101"
"2013-4-28","47"
"2012-5-15","39"
"2011-10-6","37"
"2014-9-24","63"
"2015-7-16","95"
"2009-8-6","7"
"2013-2-21","71"
"2014-11-26","73"
"2010-9-29","20"
"2016-1-8","64"
"2014-8-5","68"
"2009-10-25","7"
"2019-1-6","78"
"2011-11-4","34"
"2013-12-9","72"
"2009-3-12","6"
"2008-10-14","3"
"2010-11-1","13"
"2010-12-22","20"
"2011-10-29","15"
"2018-2-8","127"
"2009-9-19","6"
"2017-9-23","81"
"2018-12-27","78"
"2010-2-20","11"
"2018-4-14","64"
"2013-11-5","67"
"2018-3-17","69"
"2013-12-10","73"
"2014-5-25","38"
"2009-10-16","5"
"2016-9-28","98"
"2018-11-2","107"
"2017-9-20","127"
"2011-11-17","28"
"2013-3-4","62"
"2015-10-27","80"
"2011-8-23","32"
"2013-1-19","39"
"2016-5-16","92"
"2019-4-27","75"
"2016-4-11","112"
"2014-10-26","46"
"2018-3-28","115"
"2014-7-25","74"
"2017-3-11","60"
"2018-11-29","128"
"2010-5-8","7"
"2010-1-13","18"
"2011-11-16","25"
"2014-3-17","80"
"2013-9-6","49"
"2010-7-24","12"
"2012-4-26","38"
"2010-9-21","15"
"2017-4-4","129"
"2019-6-12","128"
"2013-12-5","76"
"2016-9-13","81"
"2010-8-23","23"
"2010-3-3","14"
"2010-12-8","21"
"2013-1-16","60"
"2014-12-1","69"
"2010-5-15","6"
"2010-2-19","14"
"2016-11-29","100"
"2009-5-8","7"
"2008-10-3","4"
"2013-6-6","58"
"2008-11-9","4"
"2015-9-19","30"
"2016-6-2","92"
"2018-6-24","58"
"2012-9-24","50"
"2012-9-30","25"
"2017-1-30","102"
"2017-2-2","93"
"2012-8-27","41"
"2017-4-15","61"
"2013-10-13","51"
"2015-12-15","90"
"2013-5-21","64"
"2009-11-1","7"
"2009-3-23","5"
"2014-9-25","63"
"2016-9-23","76"
"2016-2-26","88"
"2012-11-18","28"
"2011-4-26","29"
"2012-7-4","47"
"2008-11-29","2"
"2011-12-18","27"
"2012-4-16","25"
"2013-3-27","78"
"2014-1-26","29"
"2014-10-5","36"
"2018-5-28","118"
"2017-4-7","100"
"2015-8-4","71"
"2013-7-15","75"
"2019-5-31","99"
"2010-12-19","13"
"2010-11-20","11"
"2017-6-17","78"
"2013-1-7","47"
"2015-10-28","83"
"2017-1-13","99"
"2018-10-13","65"
"2011-3-24","21"
"2016-10-6","109"
"2009-8-1","3"
"2018-2-27","125"
"2013-3-5","71"
"2017-2-4","69"
"2015-11-22","42"
"2010-11-19","19"
"2018-12-7","133"
"2017-6-6","98"
"2009-1-12","3"
"2015-1-5","70"
"2014-10-6","67"
"2016-11-27","73"
"2018-8-10","127"
"2017-12-9","76"
"2012-10-3","52"
"2010-2-9","16"
"2013-2-23","33"
"2011-3-19","24"
"2016-10-10","73"
"2016-11-16","115"
"2015-2-13","82"
"2012-12-15","32"
"2015-3-17","79"
"2017-10-15","87"
"2016-5-10","88"
"2013-1-24","56"
"2018-12-20","110"
"2019-1-23","137"
"2014-1-25","47"
"2017-11-14","132"
"2009-12-9","14"
"2008-11-15","1"
"2009-11-8","5"
"2017-3-1","88"
"2019-5-9","130"
"2011-4-3","19"
"2014-7-18","75"
"2011-6-11","10"
"2014-6-5","74"
"2010-9-23","17"
"2015-10-19","94"
"2016-10-21","78"
"2009-12-26","2"
"2011-3-25","24"
"2008-11-6","4"
"2017-1-3","66"
"2018-2-22","139"
"2014-1-21","89"
"2016-5-21","47"
"2017-8-4","104"
"2018-11-25","99"
"2015-4-11","44"
"2013-6-21","63"
"2013-6-11","86"
"2011-7-18","27"
"2015-2-25","87"
"2015-6-29","79"
"2019-4-1","133"
"2019-2-14","124"
"2009-5-29","10"
"2011-6-23","20"
"2018-12-15","75"
"2018-12-6","149"
"2013-11-15","69"
"2019-5-10","129"
"2010-1-9","7"
"2014-11-5","79"
"2015-9-23","79"
"2015-6-14","47"
"2017-3-5","68"
"2014-7-9","74"
"2012-6-2","18"
"2011-1-8","8"
"2018-9-6","129"
"2014-3-7","81"
"2008-9-25","1"
"2011-5-10","39"
"2010-3-10","12"
"2011-9-13","24"
"2014-12-4","71"
"2016-8-27","37"
"2009-1-19","4"
"2017-7-27","120"
"2013-6-26","81"
"2011-7-23","9"
"2011-12-12","25"
"2017-8-19","68"
"2015-11-15","52"
"2010-10-17","9"
"2017-10-29","72"
"2016-6-7","101"
"2013-5-14","75"
"2018-11-11","82"
"2017-12-10","71"
"2013-7-2","67"
"2015-10-10","59"
"2018-9-26","131"
"2012-8-23","55"
"2012-11-29","61"
"2014-2-20","87"
"2018-4-9","97"
"2012-4-17","38"
"2014-11-10","67"
"2011-1-2","9"
"2018-6-11","125"
"2011-1-26","22"
"2018-8-30","136"
"2018-1-21","66"
"2009-8-25","7"
"2009-7-3","6"
"2013-10-23","70"
"2011-3-12","24"
"2012-8-16","37"
"2010-2-11","12"
"2016-2-23","98"
"2014-5-17","40"
"2013-3-1","62"
"2011-1-18","18"
"2013-5-7","67"
"2011-12-29","24"
"2010-9-17","16"
"2017-9-9","62"
"2009-10-19","6"
"2014-9-17","72"
"2016-12-18","63"
"2017-5-21","54"
"2012-11-13","57"
"2013-10-20","46"
"2014-11-29","44"
"2015-2-21","64"
"2018-8-22","122"
"2018-10-25","161"
"2012-2-26","23"
"2011-6-9","24"
"2014-11-13","92"
"2010-12-20","13"
"2015-12-23","66"
"2016-11-25","69"
"2009-5-30","2"
"2010-6-14","18"
"2017-10-9","119"
"2013-7-20","31"
"2015-10-7","103"
"2015-5-5","88"
"2008-10-2","3"
"2013-10-18","63"
"2013-7-19","75"
"2011-12-25","13"
"2018-5-12","83"
"2010-2-21","8"
"2017-2-19","63"
"2017-11-11","78"
"2016-5-6","97"
"2009-1-5","4"
"2010-11-24","18"
"2016-2-7","57"
"2010-3-20","8"
"2016-9-7","90"
"2009-12-30","11"
"2015-1-12","77"
"2017-3-15","113"
"2014-4-28","61"
"2016-1-21","80"
"2014-6-24","67"
"2010-3-4","14"
"2011-11-5","16"
"2019-6-6","133"
"2012-6-10","25"
"2014-6-23","55"
"2015-10-13","81"
"2017-6-2","85"
"2010-3-23","13"
"2014-12-3","90"
"2015-6-8","83"
"2017-3-14","120"
"2012-7-17","49"
"2018-7-17","132"
"2014-1-23","84"
"2018-3-23","103"
"2010-8-31","19"
"2009-10-7","14"
"2018-1-1","51"
"2008-12-21","1"
"2014-1-29","66"
"2015-7-22","89"
"2011-10-1","18"
"2013-12-4","68"
"2009-2-1","4"
"2009-12-20","7"
"2016-8-14","35"
"2014-5-11","31"
"2009-4-14","3"
"2018-4-19","108"
"2013-7-14","34"
"2012-8-1","33"
"2012-12-19","48"
"2016-9-27","94"
"2012-12-30","28"
"2019-3-11","166"
"2019-2-3","87"
"2019-5-18","72"
"2012-1-1","10"
"2012-4-22","30"
"2016-7-31","45"
"2017-10-18","133"
"2012-5-27","17"
"2017-10-8","77"
"2016-4-1","93"
"2016-1-7","90"
"2013-3-16","32"
"2014-10-3","44"
"2009-12-13","4"
"2013-4-5","69"
"2010-6-4","12"
"2017-4-1","67"
"2013-6-7","55"
"2017-6-12","115"
"2019-2-7","139"
"2009-7-22","5"
"2015-4-12","43"
"2010-1-5","11"
"2012-1-19","24"
"2010-11-14","14"
"2013-1-14","32"
"2013-9-23","55"
"2016-1-19","76"
"2009-3-30","4"
"2013-2-10","31"
"2015-3-15","61"
"2014-2-28","78"
"2013-7-22","55"
"2009-1-8","2"
"2011-9-23","31"
"2018-6-19","123"
"2018-1-19","96"
"2011-2-13","12"
"2017-8-28","109"
"2016-6-5","47"
"2016-9-8","77"
"2018-6-27","136"
"2012-7-26","47"
"2014-10-23","81"
"2017-8-18","97"
"2016-3-26","48"
"2017-9-29","105"
"2014-4-26","39"
"2016-1-23","44"
"2009-2-14","1"
"2018-6-10","62"
"2009-7-11","1"
"2015-6-16","95"
"2011-6-19","10"
"2017-8-25","100"
"2010-12-12","11"
"2018-12-1","72"
"2012-1-6","25"
"2011-9-14","29"
"2014-7-10","72"
"2009-3-10","7"
"2017-3-22","104"
"2015-8-9","30"
"2013-10-16","75"
"2011-5-6","26"
"2012-12-18","33"
"2013-4-26","68"
"2017-5-19","117"
"2014-9-1","56"
"2012-2-13","24"
"2011-7-10","13"
"2016-11-19","72"
"2010-3-2","13"
"2012-11-26","34"
"2017-6-8","128"
"2019-3-20","167"
"2016-5-7","49"
"2017-3-23","115"
"2019-6-17","110"
"2010-10-3","8"
"2017-7-3","96"
"2016-9-10","50"
"2017-12-2","66"
"2010-4-9","17"
"2014-12-23","60"
"2019-3-14","143"
"2019-2-6","137"
"2009-8-17","10"
"2018-6-17","74"
"2014-10-2","49"
"2014-3-14","72"
"2018-12-28","107"
"2010-11-5","19"
"2014-7-17","63"
"2012-9-13","42"
"2009-3-18","4"
"2018-4-21","76"
"2011-7-1","14"
"2018-11-18","101"
"2014-10-9","80"
"2010-11-6","15"
"2012-6-15","42"
"2014-3-23","62"
"2014-6-27","70"
"2010-12-30","12"
"2017-2-7","125"
"2018-4-12","132"
"2018-4-22","64"
"2017-8-31","109"
"2010-4-17","8"
"2014-9-9","70"
"2014-4-4","85"
"2015-4-8","92"
"2009-6-12","5"
"2019-5-12","69"
"2011-3-20","11"
"2009-4-21","6"
"2016-12-26","54"
"2011-11-11","23"
"2016-8-19","81"
"2009-12-27","9"
"2011-7-26","36"
"2017-10-2","88"
"2018-10-22","112"
"2016-2-11","111"
"2017-2-12","57"
"2012-9-21","44"
"2018-5-5","81"
"2016-6-21","86"
"2015-1-16","65"
"2012-3-29","46"
"2015-2-11","88"
"2015-1-9","49"
"2014-8-8","72"
"2019-6-23","49"
"2011-3-15","37"
"2010-9-2","10"
"2010-10-31","13"
"2010-12-25","5"
"2008-10-8","2"
"2010-6-22","27"
"2009-9-6","2"
"2018-6-16","58"
"2012-10-16","45"
"2012-6-29","41"
"2015-12-26","40"
"2014-1-19","55"
"2015-4-23","82"
"2014-7-28","70"
"2019-1-28","146"
"2008-12-24","1"
"2019-6-30","63"
"2016-9-22","108"
"2012-9-27","46"
"2014-12-10","65"
"2017-5-24","109"
"2012-9-4","43"
"2016-4-16","49"
"2014-4-18","72"
"2009-3-15","5"
"2012-10-26","39"
"2017-10-30","115"
"2010-12-18","1"
"2010-3-19","8"
"2010-1-26","8"
"2010-7-28","31"
"2015-4-24","78"
"2013-9-24","76"
"2014-3-15","65"
"2019-4-17","138"
"2009-7-19","7"
"2009-7-20","6"
"2018-1-26","104"
"2019-2-8","106"
"2012-12-8","26"
"2015-3-14","49"
"2013-1-12","31"
"2016-7-1","84"
"2010-6-1","19"
"2013-8-1","63"
"2018-9-30","76"
"2017-7-11","124"
"2018-4-17","124"
"2017-12-7","111"
"2010-7-30","19"
"2016-12-20","104"
"2011-2-20","14"
"2013-4-1","57"
"2014-8-28","54"
"2012-3-23","25"
"2016-9-11","53"
"2017-1-16","88"
"2008-9-15","4"
"2010-10-7","29"
"2008-10-22","5"
"2018-8-28","130"
"2010-5-4","16"
"2009-11-15","4"
"2010-7-20","21"
"2018-1-28","69"
"2010-12-23","13"
"2014-9-29","55"
"2009-2-15","7"
"2018-12-16","66"
"2012-8-17","32"
"2019-3-27","142"
"2015-1-15","63"
"2018-6-21","144"
"2008-10-23","3"
"2011-8-6","10"
"2016-1-24","64"
"2012-2-7","39"
"2015-3-1","52"
"2016-9-17","46"
"2013-12-13","72"
"2013-1-21","49"
"2009-5-20","9"
"2010-4-19","13"
"2017-9-1","93"
"2016-7-8","86"
"2009-12-6","3"
"2013-8-8","68"
"2019-7-14","64"
"2019-3-4","145"
"2018-5-22","134"
"2017-1-9","64"
"2011-2-28","30"
"2009-10-23","8"
"2015-2-9","97"
"2012-6-22","37"
"2018-7-31","132"
"2016-6-29","101"
"2018-7-11","101"
"2015-2-18","77"
"2015-12-24","55"
"2016-8-17","108"
"2016-10-8","58"
"2019-5-24","124"
"2009-9-16","8"
"2013-12-26","43"
"2019-7-6","69"
"2018-3-7","123"
"2015-1-22","61"
"2009-11-5","8"
"2019-7-17","138"
"2016-10-19","93"
"2015-12-22","81"
"2015-7-7","88"
"2009-5-5","8"
"2016-8-8","87"
"2012-7-10","48"
"2018-5-17","134"
"2012-3-22","26"
"2018-6-30","40"
"2012-12-7","46"
"2019-8-23","139"
"2018-4-23","97"
"2018-8-27","122"
"2011-10-8","17"
"2017-10-20","109"
"2014-8-29","64"
"2019-2-19","114"
"2015-4-18","52"
"2014-7-7","57"
"2009-5-17","4"
"2019-1-21","114"
"2015-12-5","49"
"2010-5-5","14"
"2018-8-19","73"
"2015-2-1","50"
"2010-3-30","17"
"2017-10-23","109"
"2015-5-23","38"
"2011-9-15","25"
"2018-1-2","103"
"2015-7-13","97"
"2011-1-10","9"
"2015-3-12","81"
"2011-6-25","15"
"2010-7-21","15"
"2019-6-5","133"
"2011-11-10","31"
"2012-4-23","30"
"2012-10-14","27"
"2019-7-24","137"
"2014-6-1","40"
"2019-5-1","88"
"2010-12-7","18"
"2010-9-11","14"
"2009-10-6","7"
"2013-12-2","61"
"2010-10-30","18"
"2018-1-10","97"
"2009-10-12","12"
"2010-10-2","8"
"2010-2-4","13"
"2017-5-6","45"
"2017-7-29","56"
"2011-3-6","12"
"2014-11-3","65"
"2012-1-12","33"
"2015-1-28","82"
"2011-11-3","35"
"2012-8-14","37"
"2017-8-6","58"
"2016-2-8","78"
"2009-4-13","4"
"2009-4-19","4"
"2018-10-16","149"
"2012-6-21","41"
"2009-6-7","7"
"2019-7-7","55"
"2014-11-12","77"
"2012-3-7","38"
"2015-3-7","44"
"2009-3-16","6"
"2017-2-26","76"
"2016-4-14","112"
"2017-6-9","109"
"2010-8-14","9"
"2012-12-17","44"
"2012-11-25","29"
"2013-12-21","35"
"2014-9-14","44"
"2011-7-19","28"
"2017-11-12","93"
"2010-3-7","10"
"2009-7-18","2"
"2011-10-15","16"
"2010-2-23","14"
"2017-8-3","130"
"2018-1-9","80"
"2011-9-7","22"
"2009-11-3","8"
"2010-1-25","18"
"2016-7-28","104"
"2015-11-27","66"
"2011-8-11","37"
"2017-11-28","107"
"2013-9-13","61"
"2012-10-10","57"
"2018-3-12","109"
"2013-5-27","50"
"2014-8-26","70"
"2008-11-11","2"
"2014-3-6","94"
"2008-9-24","4"
"2015-9-24","85"
"2015-4-5","35"
"2011-6-24","20"
"2011-10-23","20"
"2010-3-26","7"
"2008-11-23","2"
"2016-5-28","47"
"2012-2-5","27"
"2017-11-9","133"
"2012-11-30","57"
"2012-10-25","58"
"2011-8-25","25"
"2017-6-3","59"
"2010-8-19","18"
"2017-4-21","119"
"2019-2-17","76"
"2010-5-23","10"
"2018-2-3","55"
"2012-7-29","16"
"2015-7-5","41"
"2008-9-22","9"
"2019-4-12","130"
"2015-2-15","46"
"2017-6-29","119"
"2015-1-8","72"
"2018-6-14","107"
"2009-4-7","2"
"2018-12-22","60"
"2014-4-21","62"
"2013-10-6","45"
"2011-7-2","14"
"2015-9-26","61"
"2017-1-29","72"
"2015-12-3","87"
"2011-2-22","24"
"2011-5-2","23"
"2016-9-15","71"
"2010-7-4","8"
"2012-6-26","52"
"2016-6-22","117"
"2012-10-1","33"
"2016-5-25","93"
"2008-9-8","2"
"2018-12-21","84"
"2014-12-28","26"
"2015-11-24","110"
"2010-5-26","14"
"2015-5-25","45"
"2015-11-29","50"
"2019-1-25","106"
"2015-8-18","94"
"2012-5-4","26"
"2018-2-10","88"
"2016-2-24","101"
"2014-2-23","54"
"2012-9-26","47"
"2018-8-16","138"
"2009-3-25","8"
"2012-8-2","41"
"2010-6-27","5"
"2014-11-30","55"
"2015-2-12","94"
"2009-7-27","6"
"2018-8-17","101"
"2013-4-13","34"
"2015-1-19","75"
"2017-11-30","120"
"2009-3-24","7"
"2018-9-14","121"
"2019-3-23","91"
"2016-8-24","83"
"2016-2-29","91"
"2015-11-2","77"
"2014-5-6","63"
"2009-3-8","4"
"2019-8-2","149"
"2010-10-20","18"
"2011-8-18","35"
"2013-4-8","53"
"2017-4-6","117"
"2014-7-15","59"
"2018-4-24","125"
"2009-3-31","6"
"2012-3-16","32"
"2010-4-16","8"
"2013-5-25","36"
"2012-7-9","48"
"2017-1-12","92"
"2014-3-28","74"
"2018-7-24","142"
"2019-5-8","128"
"2012-3-20","42"
"2009-6-28","7"
"2011-8-15","22"
"2011-5-8","17"
"2009-12-14","16"
"2018-9-7","112"
"2016-2-4","91"
"2017-8-2","132"
"2013-9-21","38"
"2018-3-29","97"
"2010-7-23","13"
"2016-6-1","97"
"2014-3-1","50"
"2011-2-17","20"
"2017-10-6","102"
"2017-1-19","97"
"2014-10-18","49"
"2010-2-7","7"
"2013-10-25","50"
"2009-6-3","1"
"2012-11-10","19"
"2012-3-3","19"
"2019-4-20","66"
"2017-9-24","50"
"2018-1-23","127"
"2009-2-20","3"
"2013-8-23","67"
"2012-11-2","34"
"2016-4-10","54"
"2009-2-10","7"
"2010-2-17","7"
"2016-11-1","93"
"2018-10-11","136"
"2016-12-31","49"
"2009-11-27","7"
"2013-7-23","68"
"2015-10-16","78"
"2017-11-22","149"
"2009-6-10","9"
"2014-2-4","73"
"2009-9-20","5"
"2019-3-9","86"
"2011-2-12","15"
"2014-5-10","47"
"2014-12-15","66"
"2014-2-15","45"
"2011-3-18","23"
"2009-5-13","7"
"2013-7-6","36"
"2015-4-1","82"
"2017-11-1","101"
"2014-11-19","69"
"2018-3-2","97"
"2009-11-18","14"
"2017-3-27","123"
"2019-1-17","116"
"2017-4-16","65"
"2013-5-22","74"
"2011-12-30","11"
"2011-9-29","25"
"2013-12-23","53"
"2011-1-9","13"
"2011-9-17","8"
"2008-9-1","1"
"2017-7-1","63"
"2015-7-19","46"
"2012-8-20","53"
"2015-3-10","104"
"2017-7-14","123"
"2017-9-13","105"
"2011-7-16","11"
"2011-12-6","40"
"2016-2-9","98"
"2015-10-4","50"
"2018-10-21","93"
"2018-10-19","105"
"2009-2-4","4"
"2017-1-22","43"
"2014-5-20","66"
"2009-4-15","7"
"2019-5-15","132"
"2017-1-6","81"
"2011-5-3","27"
"2011-10-12","21"
"2017-12-29","77"
"2011-12-24","14"
"2014-6-29","27"
"2016-5-4","90"
"2012-11-16","44"
"2015-2-27","79"
"2011-5-13","27"
"2014-12-22","44"
"2015-12-2","88"
"2016-9-14","82"
"2013-9-26","68"
"2010-3-16","17"
"2018-12-10","132"
"2011-7-28","28"
"2016-8-13","45"
"2011-1-13","19"
"2010-2-16","11"
"2009-1-31","1"
"2010-8-17","23"
"2011-1-1","9"
"2017-3-7","110"
"2017-1-27","80"
"2013-8-6","64"
"2012-3-25","19"
"2016-7-10","43"
"2010-1-18","13"
"2016-9-20","71"
"2013-4-24","57"
"2011-1-15","16"
"2009-2-22","4"
"2010-6-5","8"
"2019-7-11","140"
"2019-8-20","166"
"2010-10-18","11"
"2009-8-10","8"
"2010-8-27","14"
"2010-9-7","19"
"2010-7-10","10"
"2008-10-6","1"
"2008-10-18","2"
"2013-5-10","59"
"2011-9-20","33"
"2017-2-10","105"
"2012-7-19","42"
"2019-3-25","130"
"2016-12-23","65"
"2017-12-21","99"
"2016-7-13","95"
"2016-10-13","98"
"2017-1-11","79"
"2014-2-22","63"
"2009-10-15","5"
"2015-6-3","78"
"2009-3-13","6"
"2011-5-15","16"
"2015-5-20","100"
"2017-2-23","112"
"2011-6-16","29"
"2010-4-1","12"
"2015-12-8","110"
"2011-1-30","17"
"2014-3-25","90"
"2016-8-5","82"
"2009-5-1","6"
"2010-3-13","7"
"2015-1-27","69"
"2009-11-20","9"
"2016-10-18","96"
"2008-12-10","3"
"2010-4-15","17"
"2012-3-8","31"
"2015-6-22","88"
"2012-11-11","29"
"2014-11-17","62"
"2014-11-27","59"
"2012-1-22","17"
"2011-8-17","32"
"2017-3-3","103"
"2015-3-4","93"
"2010-10-6","21"
"2014-2-25","89"
"2018-7-5","126"
"2016-9-29","101"
"2010-8-13","18"
"2015-3-11","101"
"2017-8-12","64"
"2009-1-18","2"
"2018-10-2","127"
"2019-5-13","108"
"2013-10-27","42"
"2011-2-14","23"
"2009-7-6","8"
"2015-6-10","66"
"2015-7-30","104"
"2011-1-23","8"
"2015-9-2","81"
"2010-2-14","11"
"2010-9-19","13"
"2015-6-28","39"
"2013-10-1","54"
"2013-1-29","61"
"2012-1-27","31"
"2010-7-11","8"
"2017-5-16","104"
"2013-8-10","21"
"2011-8-28","11"
"2013-11-28","73"
"2010-5-7","10"
"2017-5-11","124"
"2008-11-14","6"
"2016-7-2","49"
"2012-7-28","28"
"2010-1-23","10"
"2013-6-12","69"
"2019-3-19","170"
"2018-12-12","108"
"2011-11-24","22"
"2010-4-6","15"
"2018-8-7","134"
"2011-1-16","14"
"2013-10-14","62"
"2016-4-7","98"
"2015-5-22","75"
"2016-11-2","95"
"2008-12-17","6"
"2013-2-17","32"
"2015-7-8","91"
"2015-7-29","93"
"2019-7-22","135"
"2018-11-7","127"
"2016-3-25","61"
"2013-9-2","54"
"2012-4-3","56"
"2015-4-3","67"
"2014-11-21","59"
"2015-11-3","89"
"2012-8-26","16"
"2013-4-18","62"
"2008-12-14","2"
"2017-4-9","65"
"2015-9-27","48"
"2012-5-29","44"
"2017-5-7","57"
"2014-10-13","67"
"2019-6-29","51"
"2018-7-6","111"
"2016-4-21","113"
"2014-11-2","26"
"2018-1-12","101"
"2009-9-13","6"
"2011-4-12","33"
"2014-2-19","86"
"2008-11-30","4"
"2019-5-21","134"
"2012-1-4","18"
"2016-7-15","84"
"2016-1-28","92"
"2013-6-4","73"
"2015-6-1","71"
"2018-9-21","119"
"2011-8-12","30"
"2017-4-20","127"
"2012-12-1","40"
"2012-2-15","30"
"2013-2-5","54"
"2019-2-24","86"
"2014-4-13","38"
"2019-1-2","99"
"2009-9-3","11"
"2009-2-23","5"
"2010-5-18","17"
"2009-4-6","1"
"2015-7-6","77"
"2010-10-25","20"
"2010-4-27","16"
"2015-11-18","77"
"2017-7-8","74"
"2013-5-9","54"
"2015-3-24","96"
"2015-8-3","107"
"2012-5-24","28"
"2012-1-28","20"
"2012-4-12","47"
"2015-5-16","47"
"2014-12-29","45"
"2017-12-28","88"
"2018-11-4","69"
"2016-3-19","61"
"2012-3-4","21"
"2011-1-11","20"
"2017-1-25","100"
"2009-5-4","6"
"2015-9-6","55"
"2018-7-29","74"
"2017-8-11","87"
"2010-8-16","19"
"2011-8-2","29"
"2015-9-22","71"
"2012-9-20","43"
"2009-6-23","13"
"2019-6-9","66"
"2015-5-29","78"
"2014-3-21","80"
"2013-2-19","68"
"2012-12-10","61"
"2019-1-12","49"
"2018-3-24","68"
"2018-10-9","126"
"2012-4-24","53"
"2009-2-21","2"
"2016-9-9","73"
"2016-10-27","104"
"2011-4-18","24"
"2011-5-17","25"
"2009-8-5","8"
"2012-10-21","34"
"2014-10-22","64"
"2018-4-1","63"
"2017-4-28","90"
"2009-12-19","8"
"2016-9-18","36"
"2013-9-22","40"
"2015-9-30","75"
"2016-11-28","111"
"2009-5-3","3"
"2014-5-4","40"
"2014-9-8","63"
"2010-1-19","13"
"2009-10-10","6"
"2009-10-30","3"
"2010-8-24","21"
"2009-7-31","9"
"2009-11-24","8"
"2019-1-9","132"
"2014-8-20","60"
"2016-8-1","85"
"2008-9-6","1"
"2014-6-14","21"
"2009-9-21","5"
"2010-2-3","21"
"2018-12-2","92"
"2013-6-2","26"
"2012-10-5","41"
"2014-7-13","44"
"2016-7-20","91"
"2018-6-28","125"
"2015-1-29","80"
"2015-6-15","80"
"2009-3-19","4"
"2018-7-8","67"
"2015-10-24","48"
"2011-7-8","27"
"2013-12-29","37"
"2014-9-23","56"
"2012-3-9","35"
"2017-2-9","114"
"2013-9-8","25"
"2017-12-4","111"
"2009-11-11","8"
"2012-11-27","53"
"2015-8-27","88"
"2015-5-30","51"
"2010-11-4","30"
"2018-11-12","121"
"2014-7-16","75"
"2010-1-6","9"
"2013-9-16","62"
"2009-6-8","5"
"2008-12-6","4"
"2012-12-20","40"
"2009-10-28","11"
"2019-1-18","90"
"2017-9-16","68"
"2013-9-9","50"
"2013-8-12","53"
"2017-3-24","104"
"2019-6-16","69"
"2017-12-11","102"
"2019-6-8","64"
"2010-5-25","16"
"2015-10-18","60"
"2008-10-12","4"
"2009-5-31","4"
"2018-7-27","117"
"2011-10-20","16"
"2011-12-1","26"
"2011-5-29","14"
"2018-10-30","120"
"2012-1-31","29"
"2016-10-20","93"
"2013-7-16","61"
"2019-5-29","140"
"2017-8-30","104"
"2013-1-31","65"
"2019-5-11","76"
"2013-1-2","26"
"2011-2-27","20"
"2008-10-27","2"
"2009-12-28","13"
"2016-3-17","113"
"2018-11-5","135"
"2015-4-28","89"
"2016-12-10","48"
"2010-4-10","15"
"2013-7-3","66"
"2018-10-8","113"
"2015-9-14","81"
"2014-4-27","57"
"2011-5-16","31"
"2014-2-14","75"
"2014-12-2","61"
"2011-9-2","25"
"2011-4-8","22"
"2012-4-10","36"
"2018-3-27","140"
"2013-10-29","72"
"2008-9-5","1"
"2018-10-24","121"
"2018-11-20","112"
"2017-5-5","97"
"2017-5-29","94"
"2019-8-13","144"
"2011-7-30","19"
"2009-9-15","5"
"2017-6-24","65"
"2010-3-17","10"
"2011-6-1","27"
"2012-1-17","27"
"2012-10-17","43"
"2017-8-17","105"
"2010-10-15","20"
"2012-12-21","37"
"2015-10-12","96"
"2016-8-26","77"
"2018-2-6","115"
"2010-5-11","12"
"2012-1-5","29"
"2019-3-5","150"
"2016-9-24","50"
"2015-11-7","54"
"2016-12-28","101"
"2015-12-10","94"
"2019-5-30","115"
"2009-5-27","6"
"2018-7-7","60"
"2008-9-4","2"
"2017-9-19","125"
"2016-9-16","80"
"2011-4-19","24"
"2009-8-4","11"
"2013-3-12","64"
"2012-5-14","31"
"2009-9-22","11"
"2013-8-15","60"
"2009-6-2","6"
"2009-1-29","5"
"2013-7-25","73"
"2016-12-6","104"
"2018-6-6","125"
"2008-9-12","1"
"2018-6-26","126"
"2009-4-1","10"
"2013-6-30","44"
"2015-6-26","88"
"2010-8-8","9"
"2009-2-7","2"
"2011-2-7","19"
"2009-10-26","3"
"2016-3-29","98"
"2014-1-1","39"
"2016-5-13","99"
"2017-3-25","70"
"2012-6-20","45"
"2009-11-29","7"
"2009-2-18","6"
"2015-3-5","83"
"2011-5-31","25"
"2014-4-29","57"
"2014-5-5","51"
"2018-8-6","101"
"2010-9-9","23"
"2016-3-31","99"
"2009-6-17","8"
"2010-4-22","15"
"2016-11-14","105"
"2015-3-29","41"
"2014-3-12","95"
"2019-7-4","129"
"2013-4-29","44"
"2010-6-13","11"
"2017-1-7","60"
"2011-3-29","25"
"2019-4-21","59"
"2011-8-14","15"
"2018-6-29","99"
"2011-7-14","34"
"2011-6-4","14"
"2018-4-26","124"
"2018-9-18","105"
"2014-8-18","60"
"2019-2-20","160"
"2012-2-12","20"
"2013-8-22","59"
"2012-3-5","38"
"2011-5-9","15"
"2013-2-9","22"
"2014-3-22","41"
"2011-8-30","17"
"2014-12-12","72"
"2015-10-17","51"
"2018-11-16","134"
"2013-9-12","77"
"2010-11-23","10"
"2009-5-24","9"
"2009-6-4","6"
"2012-5-23","40"
"2014-9-13","37"
"2016-12-13","89"
"2012-12-24","29"
"2009-12-8","9"
"2012-12-14","35"
"2009-1-22","6"
"2018-12-31","66"
"2014-10-30","84"
"2015-3-18","80"
"2014-9-10","78"
"2014-9-4","57"
"2012-7-6","43"
"2017-6-23","105"
"2011-4-17","18"
"2009-1-14","5"
"2011-10-5","17"
"2013-7-24","58"
"2014-8-24","30"
"2017-10-5","112"
"2017-11-23","98"
"2012-9-8","13"
"2010-12-6","26"
"2013-7-5","60"
"2017-8-1","113"
"2014-5-15","69"
"2011-11-28","31"
"2010-3-24","12"
"2016-9-3","49"
"2015-6-25","102"
"2013-12-15","41"
"2014-9-27","32"
"2015-1-30","74"
"2016-11-6","67"
"2019-2-10","92"
"2011-3-8","35"
"2017-7-22","68"
"2009-11-19","7"
"2013-7-8","67"
"2010-1-2","11"
"2011-7-20","24"
"2009-10-14","9"
"2011-1-4","23"
"2015-7-18","38"
"2016-3-28","65"
"2016-10-15","64"
"2019-2-4","112"
"2015-1-1","27"
"2013-3-13","53"
"2011-10-11","25"
"2018-2-17","74"
"2017-9-22","92"
"2019-8-19","123"
"2015-10-26","90"
"2018-3-16","106"
"2016-4-25","97"
"2016-6-18","44"
"2016-8-7","43"
"2015-6-19","71"
"2018-10-18","118"
"2016-12-25","34"
"2018-11-1","129"
"2010-8-4","15"
"2015-12-1","95"
"2011-6-27","28"
"2014-10-8","63"
"2019-3-15","156"
"2014-4-14","56"
"2014-5-31","35"
"2015-11-30","91"
"2013-11-19","63"
"2015-7-4","43"
"2016-6-25","37"
"2018-8-4","57"
"2009-6-11","7"
"2016-2-17","98"
"2013-9-5","54"
"2016-3-1","93"
"2009-8-27","9"
"2017-2-22","118"
"2017-8-29","107"
"2018-7-13","114"
"2018-11-8","118"
"2011-4-7","34"
"2012-12-29","23"
"2010-4-30","12"
"2011-3-21","27"
"2010-7-15","19"
"2015-1-31","34"
"2013-6-22","35"
"2019-6-25","129"
"2018-11-21","147"
"2013-8-4","41"
"2011-3-30","34"
"2015-5-10","63"
"2015-4-15","76"
"2013-10-28","70"
"2015-12-18","67"
"2013-11-13","82"
"2018-5-19","58"
"2017-2-15","107"
"2009-4-22","6"
"2017-11-15","128"
"2014-5-27","71"
"2015-10-20","96"
"2018-12-5","160"
"2016-4-23","72"
"2013-11-10","40"
"2012-8-5","35"
"2013-8-19","49"
"2017-1-10","87"
"2013-2-13","56"
"2012-5-6","21"
"2009-5-7","4"
"2016-1-27","106"
"2011-12-7","33"
"2014-4-16","91"
"2010-12-3","15"
"2013-4-14","27"
"2019-2-26","160"
"2013-9-28","38"
"2008-12-18","4"
"2015-3-28","41"
"2011-1-27","15"
"2017-6-28","136"
"2017-4-5","134"
"2013-6-17","62"
"2014-9-19","68"
"2008-11-2","1"
"2019-4-11","131"
"2018-6-12","114"
"2009-1-20","1"
"2013-10-30","87"
"2017-8-8","105"
"2017-8-15","114"
"2010-10-13","18"
"2017-6-16","119"
"2018-9-17","126"
"2013-1-6","31"
"2017-11-6","115"
"2017-12-14","109"
"2008-11-18","4"
"2013-5-24","47"
"2018-2-25","79"
"2014-2-24","68"
"2014-7-3","73"
"2013-11-18","73"
"2008-10-26","2"
"2015-9-20","45"
"2009-12-15","17"
"2012-2-11","19"
"2014-11-9","48"
"2011-9-6","21"
"2010-4-24","5"
"2018-6-13","118"
"2011-10-13","28"
"2010-11-8","17"
"2011-5-7","16"
"2013-2-7","59"
"2009-7-5","3"
"2008-8-31","1"
"2016-3-6","63"
"2018-6-5","138"
"2015-1-7","70"
"2016-5-11","89"
"2017-6-18","67"
"2015-11-1","55"
"2014-2-3","69"
"2016-6-15","110"
"2010-2-27","6"
"2008-11-12","5"
"2010-12-24","10"
"2008-9-10","2"
"2015-6-23","91"
"2017-2-16","110"
"2013-2-8","63"
"2011-11-29","37"
"2018-12-8","66"
"2011-6-30","24"
"2013-12-16","55"
"2015-5-13","65"
"2012-2-4","24"
"2014-8-25","59"
"2017-7-17","117"
"2013-6-24","54"
"2012-3-19","35"
"2019-7-10","140"
"2018-5-3","127"
"2014-12-7","50"
"2013-4-11","52"
"2009-9-23","16"
"2013-9-29","49"
"2012-8-19","23"
"2015-7-24","86"
"2016-4-22","92"
"2011-12-23","18"
"2014-6-20","49"
"2016-10-24","76"
"2013-8-30","46"
"2009-11-28","9"
"2015-7-17","88"
"2019-7-3","132"
"2014-5-16","50"
"2014-12-13","51"
"2019-3-16","90"
"2015-8-22","55"
"2009-6-5","13"
"2009-6-21","4"
"2008-12-13","1"
"2011-12-14","26"
"2019-6-20","161"
"2009-2-12","5"
"2012-4-21","23"
"2015-5-27","80"
"2015-9-3","83"
"2009-8-29","2"
"2015-7-25","41"
"2011-4-30","8"
"2009-4-25","5"
"2014-7-5","38"
"2008-10-25","3"
"2012-12-23","23"
"2012-1-25","33"
"2011-2-11","21"
"2018-4-6","117"
"2016-6-24","77"
"2014-2-6","85"
"2010-2-28","12"
"2018-11-23","114"
"2012-6-12","43"
"2017-7-2","50"
"2015-5-7","72"
"2016-3-7","84"
"2014-9-11","65"
"2012-9-12","56"
"2016-2-1","80"
"2015-7-20","75"
"2013-3-22","60"
"2011-11-26","33"
"2011-12-22","28"
"2012-7-1","29"
"2016-2-12","86"
"2011-4-16","14"
"2009-5-14","11"
"2010-6-24","18"
"2012-3-28","50"
"2014-9-26","87"
"2010-11-17","19"
"2017-5-14","51"
"2012-8-18","18"
"2014-11-7","65"
"2015-10-2","61"
"2019-7-1","133"
"2018-5-11","121"
"2011-12-9","24"
"2012-6-4","33"
"2011-9-27","25"
"2010-5-31","13"
"2011-5-21","19"
"2010-7-19","21"
"2016-1-26","93"
"2011-1-25","20"
"2015-1-10","29"
"2017-9-5","112"
"2012-9-15","19"
"2018-7-21","66"
"2012-9-3","32"
"2014-10-10","75"
"2014-10-20","68"
"2011-10-22","14"
"2016-10-25","84"
"2017-3-17","111"
"2009-2-28","1"
"2015-8-29","41"
"2016-11-9","92"
"2013-8-16","52"
"2009-10-31","2"
"2010-9-27","18"
"2009-7-1","4"
"2017-11-4","86"
"2012-5-25","43"
"2009-4-28","5"
"2018-2-24","71"
"2014-5-9","61"
"2018-1-30","118"
"2013-5-17","51"
"2018-4-16","115"
"2018-2-13","112"
"2015-2-5","90"
"2014-11-8","43"
"2016-1-17","59"
"2010-10-9","9"
"2017-3-12","79"
"2018-1-24","110"
"2014-5-14","61"
"2012-11-1","44"
"2018-5-13","78"
"2013-5-29","57"
"2009-2-9","4"
"2009-2-11","8"
"2016-11-24","95"
"2013-7-30","64"
"2019-4-3","137"
"2019-5-28","125"
"2016-5-5","99"
"2018-6-8","118"
"2012-5-31","46"
"2017-7-25","123"
"2010-12-14","16"
"2018-7-22","79"
"2010-9-6","17"
"2017-5-3","120"
"2013-11-24","39"
"2012-1-29","16"
"2009-7-30","4"
"2010-11-27","15"
"2009-3-1","2"
"2013-3-31","31"
"2014-9-5","52"
"2013-10-10","85"
"2010-3-29","9"
"2009-3-11","3"
"2016-2-3","94"
"2012-3-10","22"
"2016-1-25","82"
"2009-5-16","5"
"2016-1-9","42"
"2014-3-30","37"
"2008-9-27","3"
"2010-12-31","5"
"2014-3-9","37"
"2013-12-8","58"
"2008-8-18","1"
"2015-8-28","68"
"2017-10-14","66"
"2014-7-12","32"
"2013-2-22","63"
"2018-6-25","129"
"2011-10-21","15"
"2011-5-14","16"
"2015-8-31","83"
"2017-3-18","72"
"2017-3-28","136"
"2019-1-5","71"
"2016-7-18","102"
"2015-8-7","60"
"2019-4-26","132"
"2018-12-26","86"
"2010-8-11","13"
"2016-11-21","89"
"2017-9-14","123"
"2017-8-23","107"
"2015-11-23","80"
"2013-1-23","45"
"2013-5-18","24"
"2014-7-2","60"
"2013-9-17","62"
"2019-5-16","135"
"2018-4-5","132"
"2017-6-4","51"
"2011-11-2","25"
"2014-3-16","55"
"2014-2-10","63"
"2011-4-4","23"
"2012-1-26","28"
"2018-7-2","105"
"2009-11-6","11"
"2016-10-4","91"
"2018-2-21","127"
"2013-3-24","41"
"2016-5-30","68"
"2018-1-7","49"
"2014-6-26","88"
"2017-4-18","140"
"2017-3-20","109"
"2008-12-29","2"
"2016-1-3","40"
"2016-6-12","49"
"2013-10-5","34"
"2012-9-17","52"
"2013-6-3","61"
"2012-3-31","24"
"2015-5-15","71"
"2011-6-10","22"
"2017-2-3","101"
"2018-9-27","121"
"2019-2-16","92"
"2015-6-24","89"
"2012-1-8","19"
"2011-5-27","25"
"2010-4-13","14"
"2012-5-10","44"
"2016-12-22","95"
"2016-1-16","75"
"2014-10-12","41"
"2015-10-1","73"
"2012-4-29","23"
"2012-2-19","27"
"2015-9-10","103"
"2013-2-1","53"
"2012-9-25","37"
"2018-5-1","105"
"2009-9-7","6"
"2010-9-13","12"
"2017-12-22","70"
"2011-6-21","27"
"2012-4-7","21"
"2015-3-27","92"
"2014-6-19","74"
"2018-8-18","60"
"2012-6-27","39"
"2010-10-21","25"
"2019-5-5","72"
"2010-9-15","19"
"2014-6-9","64"
"2012-1-23","25"
"2018-4-8","83"
"2012-11-4","22"
"2009-4-8","3"
"2014-12-9","64"
"2019-8-1","149"
"2018-7-25","113"
"2008-12-28","1"
"2011-8-16","32"
"2014-6-30","53"
"2012-6-17","24"
"2010-1-27","21"
"2009-9-26","5"
"2015-5-26","70"
"2012-3-18","30"
"2018-3-14","144"
"2013-5-19","35"
"2014-3-2","55"
"2009-6-30","6"
"2015-11-21","51"
"2019-5-14","139"
"2013-10-26","42"
"2009-4-24","4"
"2015-1-6","60"
"2014-5-13","53"
"2016-1-1","33"
"2014-9-12","76"
"2012-2-1","23"
"2009-11-2","6"
"2012-10-11","42"
"2010-2-1","10"
"2016-3-20","52"
"2016-12-21","98"
"2011-3-27","19"
"2018-2-16","108"
"2014-10-7","67"
"2017-6-20","132"
"2009-9-8","10"
"2009-1-11","2"
"2017-11-16","123"
"2018-12-23","69"
"2008-11-22","2"
"2009-6-25","8"
"2013-2-24","37"
"2015-3-20","64"
"2014-8-30","32"
"2015-4-16","76"
"2019-4-29","131"
"2017-10-17","111"
"2010-6-29","15"
"2014-2-7","66"
"2010-5-12","11"
"2019-4-22","99"
"2018-11-26","162"
"2013-11-9","41"
"2016-11-17","104"
"2011-8-3","29"
"2009-9-30","5"
"2019-4-4","146"
"2008-9-14","2"
"2013-2-4","36"
"2014-7-30","79"
"2016-2-6","54"
"2018-12-13","123"
"2018-12-25","60"
"2018-10-14","71"
"2014-7-20","31"
"2015-7-10","80"
"2014-1-20","64"
"2009-11-26","10"
"2009-8-11","6"
"2011-1-7","22"
"2012-3-14","39"
"2015-2-24","92"
"2015-11-13","90"
"2014-8-7","80"
"2017-2-1","102"
"2011-12-27","14"
"2009-6-19","6"
"2012-12-5","58"
"2015-1-13","61"
"2013-5-30","60"
"2008-12-16","1"
"2014-5-3","38"
"2019-3-7","158"
"2009-1-13","5"
"2014-8-10","42"
"2011-3-23","26"
"2013-2-26","63"
"2016-4-8","95"
"2009-1-27","1"
"2013-9-1","25"
"2015-6-11","94"
"2011-7-25","25"
"2012-8-8","48"
"2018-6-1","99"
"2011-10-19","33"
"2008-11-26","2"
"2019-1-26","72"
"2014-1-22","79"
"2012-8-25","20"
"2016-5-14","48"
"2013-4-12","69"
"2011-7-6","29"
"2017-3-9","115"
"2018-3-22","108"
"2018-1-22","93"
"2016-8-3","83"
"2017-11-18","82"
"2013-1-27","33"
"2009-3-5","3"
"2014-8-21","68"
"2014-5-23","69"
"2019-2-11","140"
"2018-5-30","134"
"2011-4-10","16"
"2008-12-5","4"
"2011-10-3","23"
"2013-12-28","33"
"2008-12-26","1"
"2010-7-9","22"
"2018-3-5","112"
"2014-1-30","70"
"2014-12-16","51"
"2009-12-12","6"
"2017-12-6","113"
"2016-4-30","68"
"2019-2-23","84"
"2011-4-6","23"
"2010-5-17","26"
"2011-5-18","23"
"2012-4-8","25"
"2010-7-22","17"
"2013-10-19","40"
"2009-11-4","7"
"2019-8-25","11"
"2017-7-10","128"
"2013-9-4","69"
"2013-1-4","46"
"2012-2-23","42"
"2015-3-25","98"
"2019-7-8","138"
"2012-12-11","55"
"2017-4-2","65"
"2015-3-13","80"
"2015-10-8","103"
"2018-12-30","52"
"2012-8-30","46"
"2010-6-2","19"
"2008-12-12","5"
"2009-1-6","2"
"2009-7-21","10"
"2010-9-8","14"
"2009-10-24","9"
"2010-6-28","16"
"2019-4-23","116"
"2019-8-22","165"
"2012-3-24","19"
"2017-10-4","108"
"2009-12-18","9"
"2016-10-26","96"
"2014-9-28","48"
"2015-9-7","56"
"2008-12-22","1"
"2015-11-12","60"
"2013-1-30","51"
"2009-8-2","4"
"2014-7-22","67"
"2013-4-7","43"
"2012-2-18","15"
"2017-10-10","126"
"2015-1-14","73"
"2017-3-13","111"
"2015-6-12","73"
"2019-8-14","144"
"2018-1-17","111"
"2010-5-3","19"
"2010-7-31","14"
"2011-12-21","28"
"2016-11-15","111"
"2010-8-7","10"
"2015-7-15","87"
"2018-7-9","118"
"2011-11-30","29"
"2015-8-30","44"
"2019-5-2","124"
"2015-1-24","49"
"2011-10-10","23"
"2011-6-20","28"
"2017-10-19","104"
"2015-12-7","92"
"2015-7-31","71"
"2011-4-2","11"
"2014-2-17","77"
"2015-10-23","98"
"2018-6-2","80"
"2012-10-6","29"
"2018-3-19","99"
"2017-8-26","66"
"2016-6-17","78"
"2019-5-27","113"
"2011-5-4","22"
"2013-4-3","75"
"2011-3-9","41"
"2017-4-19","124"
"2012-4-9","36"
"2015-10-5","74"
"2010-11-26","16"
"2017-1-15","51"
"2013-9-7","41"
"2010-8-30","16"
"2012-5-22","34"
"2009-10-21","11"
"2016-5-17","93"
"2015-8-24","80"
"2019-6-19","151"
"2011-9-9","27"
"2009-3-20","6"
"2015-1-4","30"
"2009-5-21","8"
"2010-10-4","21"
"2019-3-30","78"
"2009-4-23","6"
"2012-6-16","31"
"2010-11-7","11"
"2017-5-17","134"
"2012-3-30","31"
"2009-11-9","10"
"2017-3-2","131"
"2014-7-19","44"
"2018-4-20","121"
"2013-6-14","56"
"2017-3-31","96"
"2014-2-8","52"
"2016-12-3","53"
"2018-11-19","129"
"2018-3-11","72"
"2011-7-17","19"
"2012-1-30","28"
"2014-12-19","63"
"2016-10-23","56"
"2017-8-5","55"
"2009-12-4","7"
"2011-10-16","15"
"2019-4-18","121"
"2017-4-12","123"
"2016-12-27","65"
"2010-7-1","20"
"2014-7-8","70"
"2013-6-10","57"
"2016-11-3","102"
"2015-4-6","77"
"2017-2-28","120"
"2013-2-25","60"
"2014-11-22","43"
"2018-9-5","123"
"2010-5-10","12"
"2008-9-26","1"
"2017-7-16","59"
"2012-10-15","44"
"2016-5-8","49"
"2015-12-4","77"
"2009-5-28","12"
"2016-5-22","54"
"2016-6-8","101"
"2019-8-6","169"
"2009-6-29","4"
"2016-10-14","100"
"2012-6-24","24"
"2009-7-10","10"
"2016-11-22","104"
"2013-11-1","63"
"2011-4-13","40"
"2011-6-2","22"
"2010-4-25","5"
"2008-10-17","5"
"2012-9-5","46"
"2010-7-8","20"
"2013-2-18","52"
"2012-1-11","36"
"2017-9-30","59"
"2012-12-13","59"
"2013-6-28","67"
"2017-11-19","72"
"2013-5-15","56"
"2009-2-17","6"
"2009-8-22","3"
"2009-8-19","18"
"2017-9-7","100"
"2012-8-15","58"
"2012-4-18","47"
"2008-10-30","2"
"2014-3-26","94"
"2011-12-28","32"
"2017-6-11","70"
"2015-4-27","87"
"2010-9-25","11"
"2014-6-16","44"
"2019-4-16","139"
"2011-1-20","27"
"2016-2-25","85"
"2013-2-27","50"
"2011-3-31","28"
"2017-11-25","86"
"2017-1-24","97"
"2018-9-19","136"
"2012-5-21","26"
"2010-4-11","8"
"2018-3-30","83"
"2012-12-22","29"
"2011-11-23","40"
"2017-1-4","105"
"2012-8-31","39"
"2015-12-31","54"
"2013-5-31","63"
"2018-9-20","136"
"2017-2-17","106"
"2015-9-4","75"
"2012-8-12","25"
"2010-11-9","25"
"2009-8-24","10"
"2013-11-16","49"
"2011-4-9","19"
"2008-11-20","4"
"2018-6-7","110"
"2013-10-24","70"
"2009-1-23","3"
"2014-3-3","89"
"2014-6-11","49"
"2012-3-2","32"
"2009-5-25","2"
"2008-9-9","3"
"2010-2-2","15"
"2015-5-12","81"
"2013-11-22","69"
"2011-7-5","22"
"2010-12-21","14"
"2017-11-21","124"
"2010-5-28","11"
"2012-2-2","20"
"2015-2-17","82"
"2019-3-29","116"
"2015-11-4","100"
"2019-1-7","105"
"2009-6-26","8"
"2013-10-7","58"
"2018-10-3","106"
"2014-7-23","81"
"2013-6-25","66"
"2014-12-14","48"
"2016-5-1","52"
"2015-4-4","57"
"2010-7-6","18"
"2017-10-12","116"
"2012-4-5","37"
"2016-5-27","89"
"2009-8-16","4"
"2008-12-30","2"
"2011-3-16","23"
"2015-11-16","84"
"2018-5-4","96"
"2014-8-23","27"
"2009-9-24","8"
"2019-6-18","138"
"2012-9-7","30"
"2009-5-15","10"
"2016-1-10","40"
"2013-12-11","81"
"2012-8-22","54"
"2008-12-19","2"
"2012-4-27","48"
"2012-2-29","37"
"2009-10-9","13"
"2012-6-7","53"
"2014-8-4","69"
"2011-9-4","12"
"2009-11-12","13"
"2015-9-17","87"
"2019-7-19","143"
"2013-7-1","69"
"2018-4-25","130"
"2017-1-20","66"
"2010-1-10","8"
"2009-12-22","10"
"2013-3-14","74"
"2013-9-30","54"
"2012-1-14","22"
"2015-1-20","60"
"2011-10-14","30"
"2008-12-27","1"
"2018-3-8","99"
"2009-9-25","9"
"2011-6-17","22"
"2014-6-3","77"
"2015-8-12","83"
"2018-3-15","106"
"2013-7-18","64"
"2012-4-20","33"
"2017-2-18","66"
"2017-1-18","119"
"2012-12-9","28"
"2018-9-8","69"
"2016-9-5","70"
"2009-7-16","6"
"2015-5-28","82"
"2014-10-19","34"
"2009-12-17","17"
"2017-12-18","91"
"2010-1-15","9"
"2015-8-21","83"
"2015-3-21","57"
"2012-12-4","61"
"2010-1-20","13"
"2012-5-20","25"
"2010-11-16","23"
"2011-11-27","16"
"2013-1-25","42"
"2019-1-8","114"
"2013-12-18","66"
"2012-10-12","42"
"2012-8-29","65"
"2013-12-31","38"
"2018-6-3","72"
"2015-11-11","77"
"2016-5-2","98"
"2012-3-27","50"
"2019-1-31","131"
"2009-6-27","4"
"2010-2-25","15"
"2019-3-8","144"
"2018-10-10","127"
"2011-2-15","35"
"2014-12-30","39"
"2014-2-16","46"
"2013-6-8","43"
"2014-1-12","36"
"2018-10-5","132"
"2019-3-3","85"
"2013-12-25","25"
"2019-5-22","135"
"2018-3-1","100"
"2015-5-2","67"
"2015-4-2","73"
"2019-1-16","119"
"2011-11-9","34"
"2010-3-31","20"
"2012-2-9","40"
"2008-12-31","3"
"2019-8-18","89"
"2019-4-28","66"
"2011-9-18","16"
"2013-3-29","51"
"2019-7-2","144"
"2009-4-2","5"
"2015-7-2","87"
"2019-7-13","66"
"2017-11-20","119"
"2016-9-26","80"
"2012-12-31","31"
"2019-7-27","64"
"2014-3-31","80"
"2008-10-13","3"
"2016-11-13","66"
"2016-5-18","85"
"2009-4-16","2"
"2009-9-17","7"
"2011-8-24","30"
"2010-8-9","20"
"2012-5-17","44"
"2014-1-6","76"
"2012-4-30","23"
"2010-7-18","13"
"2016-8-29","93"
"2011-8-9","27"
"2018-11-15","153"
"2009-1-9","4"
"2014-7-24","76"
"2016-10-9","53"
"2018-2-1","117"
"2018-1-15","105"
"2017-3-6","98"
"2012-11-23","36"
"2009-7-7","3"
"2018-8-24","140"
"2012-10-22","33"
"2008-10-28","4"
"2010-5-14","12"
"2016-3-21","95"
"2015-2-26","83"
"2009-7-4","5"
"2015-4-7","84"
"2013-3-19","57"
"2014-10-29","76"
"2018-11-24","70"
"2008-11-8","1"
"2015-6-4","98"
"2012-2-21","32"
"2016-4-5","96"
"2010-4-23","12"
"2014-3-19","92"
"2012-2-3","37"
"2015-2-10","77"
"2010-5-29","8"
"2016-8-23","92"
"2017-1-28","55"
"2011-7-27","30"
"2018-4-13","109"
"2010-6-26","8"
"2009-9-10","12"
"2012-6-25","41"
"2009-7-26","6"
"2017-5-12","102"
"2009-7-13","9"
"2008-8-30","1"
"2019-1-11","101"
"2011-12-16","30"
"2019-1-24","130"
"2015-8-19","78"
"2009-2-5","3"
"2014-4-30","81"
"2015-2-2","74"
"2015-4-21","86"
"2019-3-24","76"
"2013-6-27","68"
"2017-3-19","87"
"2009-8-21","11"
"2011-5-1","26"
"2012-7-30","42"
"2018-10-26","100"
"2013-2-20","64"
"2019-7-26","139"
"2011-9-11","26"
"2013-5-3","51"
"2019-2-2","73"
"2008-11-28","3"
"2012-11-28","60"
"2012-6-6","39"
"2014-5-8","66"
"2018-9-2","76"
"2010-8-28","10"
"2014-11-14","60"
"2012-10-18","52"
"2015-11-14","54"
"2013-4-9","73"
"2011-6-15","23"
"2010-12-16","20"
"2010-7-26","16"
"2016-7-5","81"
"2011-6-5","15"
"2010-2-10","13"
"2009-3-7","4"
"2008-9-17","2"
"2015-3-3","74"
"2018-9-16","96"
"2014-3-27","84"
"2017-7-26","116"
"2009-10-4","6"
"2012-7-24","38"
"2009-12-1","17"
"2010-11-18","17"
"2016-3-14","110"
"2009-8-18","9"
"2012-3-17","29"
"2018-5-27","69"
"2018-9-22","78"
"2014-4-8","99"
"2016-7-6","94"
"2012-1-16","37"
"2009-6-16","6"
"2012-8-10","44"
"2016-6-27","84"
"2013-5-23","58"
"2018-3-31","66"
"2018-4-3","137"
"2014-2-1","48"
"2017-3-4","63"
"2009-8-3","8"
"2016-10-1","48"
"2010-9-18","8"
"2009-7-9","10"
"2018-11-10","79"
"2016-1-6","83"
"2010-11-12","13"
"2011-10-31","28"
"2016-3-11","107"
"2016-6-19","43"
"2010-12-28","13"
"2016-12-1","100"
"2009-1-10","1"
"2010-12-5","14"
"2010-10-23","20"
"2013-7-28","46"
"2017-11-3","119"
"2019-3-22","125"
"2019-5-3","93"
"2014-8-17","35"
"2011-3-13","14"
"2010-7-7","20"
"2019-1-15","104"
"2018-1-11","89"
"2018-10-6","81"
"2019-1-29","125"
"2009-12-10","8"
"2012-10-29","50"
"2013-10-22","66"
"2011-11-19","9"
"2013-3-2","33"
"2016-7-17","44"
"2013-5-4","27"
"2018-5-14","100"
"2015-3-22","47"
"2019-4-7","81"
"2016-11-20","74"
"2018-8-1","136"
"2010-9-24","18"
"2010-1-11","9"
"2011-12-4","24"
"2009-10-18","5"
"2019-3-26","123"
"2010-9-5","5"
"2012-7-3","50"
"2011-1-12","23"
"2009-11-23","8"
"2018-3-13","114"
"2016-2-5","83"
"2012-1-18","35"
"2008-9-13","2"
"2018-2-18","95"
"2009-6-22","7"
"2011-2-16","25"
"2016-3-18","89"
"2016-11-12","60"
"2018-10-7","92"
"2018-6-20","119"
"2017-7-9","68"
"2008-10-1","4"
"2009-5-18","5"
"2014-1-3","70"
"2017-7-20","161"
"2015-11-20","90"
"2017-12-25","39"
"2012-10-20","27"
"2015-5-4","74"
"2008-9-16","5"
"2014-6-25","68"
"2018-3-25","77"
"2015-7-12","53"
"2014-8-27","71"
"2016-12-11","62"
"2018-1-14","76"
"2016-1-22","81"
"2009-5-19","7"
"2015-9-12","55"
"2009-11-16","12"
"2011-1-31","15"
"2018-9-10","123"
"2014-4-25","79"
"2011-5-22","20"
"2008-8-25","1"
"2009-12-7","9"
"2018-4-18","115"
"2017-9-17","82"
"2014-8-2","29"
"2013-7-27","41"
"2016-8-16","99"
"2012-5-16","49"
"2010-11-11","23"
"2012-7-18","53"
"2012-7-15","32"
"2010-7-17","15"
"2017-9-2","60"
"2009-2-8","3"
"2017-6-26","108"
"2016-5-29","52"
"2019-5-19","63"
"2014-4-5","58"
"2014-1-28","67"
"2011-2-2","25"
"2010-3-28","9"
"2019-8-7","167"
"2015-1-11","47"
"2016-5-12","124"
"2016-7-21","83"
"2017-4-27","122"
"2015-7-23","82"
"2017-12-31","41"
"2019-7-5","104"
"2013-12-20","45"
"2014-10-4","43"
"2017-10-7","82"
"2014-2-27","84"
"2013-7-17","65"
"2016-7-30","51"
"2009-2-3","6"
"2017-8-20","62"
"2017-8-10","118"
"2011-1-5","21"
"2008-10-10","3"
"2016-1-4","75"
"2010-6-10","11"
"2017-6-25","64"
"2017-1-23","97"
"2015-2-22","58"
"2008-11-3","3"
"2019-3-1","131"
"2015-8-10","82"
"2018-12-11","143"
"2016-6-11","44"
"2016-6-26","50"
"2010-9-22","12"
"2010-5-19","14"
"2014-6-6","62"
"2016-3-2","99"
"2011-12-15","31"
"2017-1-2","66"
"2012-7-21","21"
"2019-3-18","160"
"2009-11-22","5"
"2013-10-4","62"
"2014-8-31","31"
"2013-11-14","76"
"2013-4-15","59"
"2010-8-1","9"
"2014-8-15","58"
"2013-10-17","63"
"2019-2-13","138"
"2012-8-6","35"
"2017-5-31","122"
"2014-12-25","28"
"2018-5-6","65"
"2012-9-14","48"
"2019-6-22","64"
"2016-8-20","51"
"2016-6-23","99"
"2008-11-25","2"
"2012-11-7","48"
"2009-3-4","2"
"2010-6-21","25"
"2014-6-8","47"
"2011-10-28","28"
"2010-12-4","12"
"2013-8-31","21"
"2014-3-8","49"
"2011-3-3","34"
"2016-4-17","60"
"2014-2-21","84"
"2018-12-4","148"
"2016-4-20","102"
"2015-8-8","39"
"2017-5-9","105"
"2008-10-9","5"
"2009-5-10","3"
"2010-10-16","12"
"2017-8-16","104"
"2019-5-4","64"
"2009-6-24","9"
"2018-8-31","112"
"2011-8-19","37"
"2014-4-11","62"
"2012-2-16","44"
"2017-11-5","66"
"2013-9-25","70"
"2014-9-2","56"
"2011-3-11","12"
"2017-5-23","111"
"2015-4-22","89"
"2014-3-13","96"
"2008-10-29","2"
"2013-1-9","63"
"2009-4-3","7"
"2015-7-1","79"
"2014-2-9","44"
"2010-4-28","13"
"2013-3-25","57"
"2013-5-6","47"
"2010-9-10","14"
"2009-2-24","5"
"2014-10-15","61"
"2013-11-26","69"
"2018-11-27","157"
"2018-1-8","97"
"2013-11-6","92"
"2016-11-18","84"
"2013-6-13","67"
"2013-8-29","69"
"2015-5-3","65"
"2018-4-10","117"
"2011-11-22","37"
"2013-4-20","40"
"2014-9-15","58"
"2015-3-31","93"
"2017-12-27","80"
"2011-10-18","22"
"2016-2-21","57"
"2016-2-16","110"
"2011-6-13","24"
"2018-2-28","126"
"2010-3-9","13"
"2011-8-27","12"
"2009-11-7","2"
"2012-6-13","53"
"2013-6-20","65"
"2014-12-18","69"
"2010-7-2","10"
"2019-6-24","127"
"2016-10-2","60"
"2014-12-26","44"
"2014-9-7","30"
"2010-3-12","17"
"2018-8-9","125"
"2010-12-10","25"
"2017-12-19","99"
"2017-3-29","116"
"2015-9-25","70"
"2015-3-2","106"
"2009-3-27","4"
"2012-6-23","19"
"2014-5-1","60"
"2010-1-7","18"
"2014-2-2","49"
"2013-12-6","61"
"2011-9-8","29"
"2009-7-29","6"
"2012-8-24","43"
"2012-9-6","39"
"2017-10-27","124"
"2010-7-16","24"
"2012-11-8","56"
"2019-8-5","142"
"2010-6-9","11"
"2019-1-3","116"
"2013-5-13","54"
"2011-5-23","29"
"2012-9-28","32"
"2016-2-19","102"
"2014-9-20","33"
"2010-9-16","22"
"2014-4-2","75"
"2013-9-15","43"
"2015-2-20","79"
"2014-7-1","66"
"2013-3-15","51"
"2009-8-23","5"
"2017-7-30","72"
"2016-8-10","101"
"2017-4-14","90"
"2016-12-9","87"
"2017-7-21","114"
"2010-6-16","18"
"2018-2-23","131"
"2017-10-11","120"
"2013-11-23","48"
"2012-7-2","49"
"2011-6-14","28"
"2010-6-30","15"
"2010-2-22","16"
"2016-9-30","93"
"2011-6-7","17"
"2015-9-16","76"
"2014-3-24","65"
"2011-2-19","16"
"2016-10-5","69"
"2018-4-11","132"
"2017-2-14","115"
"2015-12-12","56"
"2018-1-29","91"
"2010-9-30","15"
"2012-3-1","38"
"2017-6-19","117"
"2017-3-16","125"
"2013-1-1","16"
"2012-5-9","40"
"2016-9-1","80"
"2011-4-22","21"
"2009-3-2","4"
"2011-2-4","24"
"2010-5-27","15"
"2015-7-9","88"
"2011-1-28","19"
"2010-2-5","8"
"2017-9-4","92"
"2017-11-24","101"
"2015-9-28","70"
"2016-10-11","106"
"2009-4-30","5"
"2018-9-11","111"
"2013-5-1","47"
"2008-12-8","3"
"2016-8-15","79"
"2017-6-14","120"
"2014-5-2","57"
"2019-1-4","101"
"2019-4-14","77"
"2013-12-7","45"
"2012-10-8","39"
"2017-7-19","137"
"2018-4-28","51"
"2015-10-22","82"
"2010-8-5","23"
"2010-8-10","13"
"2016-6-14","97"
"2019-8-8","149"
"2015-2-7","43"
"2011-11-14","32"
"2012-2-8","30"
"2019-6-1","62"
"2012-7-16","47"
"2014-1-16","73"
"2019-5-20","115"
"2008-8-26","1"
"2009-7-28","5"
"2008-10-31","3"
"2015-10-25","36"
"2018-2-9","114"
"2010-11-25","15"
"2018-7-30","102"
"2015-7-28","92"
"2016-1-30","44"
"2018-8-11","56"
"2011-8-21","21"
"2016-4-26","106"
"2016-4-18","96"
"2017-2-20","93"
"2016-1-5","77"
"2012-6-9","22"
"2016-12-19","64"
"2015-10-31","55"
"2015-1-25","42"
"2016-8-6","39"
"2013-8-27","59"
"2013-2-3","36"
"2011-10-25","22"
"2015-8-25","78"
"2017-9-27","116"
"2010-2-24","9"
"2014-1-8","80"
"2017-12-8","99"
"2016-12-8","94"
"2014-1-10","77"
"2011-8-7","22"
"2009-4-9","1"
"2015-8-2","49"
"2017-9-10","71"
"2012-4-11","37"
"2009-5-23","2"
"2013-1-13","21"
"2010-6-17","11"
"2018-10-15","109"
"2011-12-26","16"
"2010-8-21","7"
"2015-8-1","39"
"2013-3-8","58"
"2017-11-10","119"
"2014-7-27","38"
"2017-11-27","112"
"2013-6-9","34"
"2013-12-30","58"
"2013-11-8","70"
"2015-5-17","46"
"2014-5-12","44"
"2010-3-25","11"
"2011-4-25","21"
"2011-9-26","27"
"2012-2-28","41"
"2009-1-26","6"
"2012-11-14","42"
"2008-10-24","2"
"2017-12-23","47"
"2016-12-16","85"
"2017-9-28","118"
"2015-12-13","64"
"2017-6-1","114"
"2011-1-29","11"
"2018-4-2","101"
"2018-8-2","132"
"2010-2-6","7"
"2012-10-7","21"
"2015-11-9","84"
"2011-7-11","28"
"2019-7-16","134"
"2012-2-6","22"
"2018-5-24","118"
"2013-8-9","56"
"2010-1-30","4"
"2012-9-16","25"
"2013-1-20","23"
"2018-12-17","118"
"2019-8-15","85"
"2014-6-13","66"
"2011-11-13","21"
"2009-10-8","6"
"2016-9-19","93"
"2014-5-24","29"
"2012-7-5","50"
"2014-10-21","77"
"2018-3-6","108"
"2011-12-5","34"
"2015-1-23","69"
"2010-10-8","18"
"2016-4-19","98"
"2012-6-8","35"
"2016-7-27","96"
"2008-12-4","3"
"2011-9-19","37"
"2011-12-31","13"
"2018-11-30","133"
"2012-9-19","49"
"2013-8-2","48"
"2008-12-7","2"
"2011-11-8","27"
"2013-8-13","53"
"2016-6-28","113"
"2015-5-31","49"
"2018-7-12","133"
"2015-12-25","38"
"2016-7-9","38"
"2015-2-19","89"
"2019-2-5","105"
"2011-11-18","23"
"2017-12-5","118"
"2010-1-24","4"
"2010-1-14","12"
"2013-4-4","69"
"2016-11-4","97"
"2013-2-28","61"
"2009-8-30","3"
"2013-3-18","62"
"2009-6-14","4"
"2017-11-26","61"
"2011-11-25","20"
"2012-3-12","32"
"2008-11-13","2"
"2015-6-27","39"
"2011-5-24","26"
"2011-7-3","15"
"2010-4-12","9"
"2014-2-11","63"
"2017-4-22","57"
"2009-10-1","5"
"2010-5-22","8"
"2013-11-25","68"
"2011-4-11","36"
"2017-2-6","100"
"2015-8-15","35"
"2018-5-7","119"
"2015-11-25","77"
"2016-2-10","79"
"2016-1-13","82"
"2012-5-8","31"
"2009-6-1","5"
"2012-5-11","39"
"2010-1-8","9"
"2015-1-17","33"
"2016-4-6","127"
"2012-6-1","42"
"2016-10-3","75"
"2018-9-4","112"
"2011-10-17","27"
"2011-3-22","20"
"2016-3-4","97"
"2009-3-28","3"
"2009-7-23","5"
"2019-7-21","86"
"2009-10-29","5"
"2011-7-24","14"
"2019-6-11","133"
"2010-3-11","13"
"2018-8-8","132"
"2011-9-16","29"
"2016-3-24","93"
"2011-9-1","23"
"2013-11-7","75"
"2011-6-26","18"
"2017-10-26","125"
"2017-5-4","88"
"2014-1-18","52"
"2010-12-13","21"
"2014-8-16","27"
"2015-9-13","50"
"2018-9-13","116"
"2018-9-23","88"
"2011-8-29","25"
"2015-12-29","75"
"2016-1-11","90"
"2016-4-28","87"
"2015-11-8","58"
"2011-3-14","23"
"2011-12-13","38"
"2016-12-17","51"
"2017-7-4","110"
"2018-1-20","64"
"2009-9-27","7"
"2014-4-3","103"
"2012-9-1","30"
"2018-8-21","116"
"2018-6-9","73"
"2009-3-6","2"
"2009-2-19","3"
"2009-9-12","9"
"2010-12-2","16"
"2019-2-27","177"
"2015-3-16","80"
"2014-3-11","78"
"2012-4-4","24"
"2010-6-12","3"
"2018-11-14","129"
"2012-12-25","20"
"2016-12-5","94"
"2017-1-8","61"
"2009-6-18","7"
"2016-3-15","96"
"2019-5-6","127"
"2017-11-7","128"
"2019-5-25","69"
"2019-8-4","72"
"2009-6-15","7"
"2015-7-26","38"
"2015-2-3","57"
"2016-7-19","101"
"2016-4-24","55"
"2016-3-23","98"
"2012-11-22","63"
"2017-12-17","67"
"2010-5-9","1"
"2017-5-28","66"
"2017-4-24","113"
"2015-10-29","100"
"2013-8-11","38"
"2009-8-31","7"
"2019-2-18","131"
"2017-1-26","89"
"2014-10-27","55"
"2018-2-4","80"
"2014-6-28","31"
"2009-12-16","15"
"2011-6-29","27"
"2011-5-12","28"
"2017-4-3","104"
"2012-10-31","44"
"2012-4-14","28"
"2011-1-22","14"
"2011-7-29","21"
"2010-7-25","3"
"2018-1-6","54"
"2017-5-1","83"
"2009-7-15","4"
"2010-3-14","10"
"2015-1-18","49"
"2016-9-21","81"
"2019-6-4","127"
"2009-5-9","2"
"2010-6-8","11"
"2010-2-18","15"
"2008-10-4","1"
"2012-10-13","28"
"2012-1-13","30"
"2014-2-13","76"
"2019-1-30","136"
"2012-12-27","38"
"2013-1-18","38"
"2011-2-23","31"
"2018-11-9","116"
"2009-11-17","12"
"2016-7-11","90"
"2010-3-6","11"
"2009-2-13","2"
"2018-2-5","105"
"2012-5-5","27"
"2016-2-27","52"
"2017-8-14","115"
"2015-6-18","75"
"2011-1-14","24"
"2008-10-20","2"
"2009-8-7","7"
"2014-6-12","63"
"2017-7-12","134"
"2015-6-20","47"
"2014-11-25","79"
"2018-10-28","55"
"2016-3-8","112"
"2014-10-31","58"
"2018-7-4","126"
"2014-10-16","77"
"2014-1-4","38"
"2015-8-6","79"
"2010-11-3","31"
"2010-12-1","27"
"2016-10-17","90"
"2010-10-27","28"
"2014-11-28","69"
"2011-11-21","24"
"2014-5-18","40"
"2017-9-15","102"
"2018-8-23","96"
"2018-11-28","130"
"2019-6-2","73"
"2015-5-6","71"
"2016-10-29","56"
"2016-12-7","124"
"2016-2-2","114"
"2015-5-9","43"
"2011-10-4","17"
"2013-11-21","72"
"2016-12-30","65"
"2011-12-17","18"
"2012-9-9","21"
"2010-5-30","8"
"2011-7-4","24"
"2011-1-3","26"
"2014-8-22","51"
"2016-8-28","39"
"2015-2-28","42"
"2009-2-6","3"
"2009-10-27","16"
"2015-11-17","101"
"2011-11-15","22"
"2010-7-5","13"
"2018-6-4","101"
"2018-2-11","81"
"2016-11-7","72"
"2017-4-29","48"
"2015-3-26","94"
"2009-8-13","7"
"2019-1-14","94"
"2009-2-27","5"
"2016-11-8","112"
"2010-10-22","14"
"2009-11-13","8"
"2017-3-8","134"
"2010-6-20","13"
"2010-9-28","17"
"2012-9-18","39"
"2018-5-2","131"
"2014-10-11","44"
"2014-1-2","54"
"2017-8-21","94"
"2010-5-16","10"
"2017-11-29","115"
"2019-2-1","111"
"2018-4-27","95"
"2015-10-3","41"
"2009-12-24","10"
"2017-1-5","94"
"2018-4-15","71"
"2008-12-1","1"
"2016-12-14","100"
"2010-1-4","8"
"2016-10-30","48"
"2016-7-23","53"
"2016-4-3","76"
"2014-12-27","34"
"2017-9-25","109"
"2018-9-9","64"
"2017-9-11","119"
"2019-8-10","54"
"2017-5-25","117"
"2012-11-21","45"
"2012-11-17","30"
"2008-9-21","3"
"2010-10-29","14"
"2018-8-26","63"
"2013-9-20","52"
"2019-7-12","126"
"2012-8-28","52"
"2010-8-22","6"
"2017-12-16","63"
"2019-8-11","72"
"2016-1-14","89"
"2014-8-13","64"
"2013-4-22","63"
"2013-6-5","59"
"2017-7-7","130"
"2017-10-25","122"
"2012-2-17","27"
"2010-7-3","6"
"2012-9-23","25"
"2014-2-18","80"
"2009-10-13","9"
"2011-4-14","29"
"2010-4-2","9"
"2018-9-25","154"
"2013-5-11","31"
"2011-4-29","29"
"2009-3-26","5"
"2010-11-21","10"
"2017-1-31","110"
"2014-1-13","60"
"2017-2-25","74"
"2018-6-15","112"
"2012-8-13","48"
"2014-11-1","29"
"2009-6-6","5"
"2010-9-12","16"
"2010-8-26","19"
"2017-8-24","129"
"2016-6-9","99"
"2008-10-7","4"
"2011-4-1","26"
"2014-4-17","71"
"2014-11-16","42"
"2016-10-16","65"
"2017-4-10","98"
"2016-12-29","72"
"2017-2-11","70"
"2015-6-30","89"
"2015-4-20","88"
"2019-3-10","101"
"2014-1-27","72"
"2015-7-3","51"
"2010-10-11","13"
"2010-12-29","13"
"2017-8-13","41"
"2009-1-15","6"
"2012-5-1","28"
"2009-10-3","5"
"2012-6-19","51"
"2013-8-14","63"
"2017-12-13","105"
"2012-8-3","45"
"2017-5-15","120"
"2009-4-17","9"
"2017-7-5","118"
"2019-1-1","48"
"2012-5-18","46"
"2010-3-8","14"
"2018-12-24","71"
"2015-8-23","35"
"2009-11-10","11"
"2009-7-17","9"
"2013-1-28","57"
"2015-9-15","79"
"2011-8-4","33"
"2015-5-14","86"
"2018-7-10","115"
"2011-8-10","46"
"2012-3-13","34"
"2016-12-2","74"
"2009-11-14","8"
"2017-1-1","43"
"2013-5-28","49"
"2017-5-18","116"
"2013-11-17","44"
"2017-1-17","98"
"2011-12-20","21"
"2015-9-8","77"
"2014-7-21","69"
"2013-6-23","21"
"2015-12-16","77"
"2013-4-30","55"
"2015-11-26","84"
"2017-2-13","102"
"2016-4-9","67"
"2014-8-9","40"
"2017-2-27","120"
"2008-12-15","1"
"2019-1-13","80"
"2016-3-5","69"
"2012-6-3","25"
"2013-3-20","66"
"2014-6-15","30"
"2016-6-16","104"
"2018-4-29","74"
"2011-10-7","25"
"2011-7-9","21"
"2011-1-19","29"
"2019-7-15","121"
"2014-10-1","64"
"2019-4-15","147"
"2012-4-19","42"
"2016-7-16","44"
"2012-12-6","45"
"2019-1-27","75"
"2010-7-14","22"
"2016-3-10","126"
"2018-5-31","111"
"2017-11-2","121"
"2016-8-2","72"
"2016-4-27","93"
"2014-1-17","61"
"2018-5-15","117"
"2016-1-12","85"
"2015-4-25","33"
"2014-12-8","50"
"2013-2-2","34"
"2012-5-19","24"
"2014-4-20","41"
"2016-1-2","44"
"2011-8-31","29"
"2016-5-20","86"
"2015-2-8","53"
"2017-2-8","105"
"2011-10-2","22"
"2018-8-20","110"
"2012-9-29","20"
"2010-7-27","16"
"2015-12-30","59"
"2011-10-26","32"
"2011-5-19","26"
"2013-10-21","62"
"2016-11-23","106"
"2015-4-13","72"
"2016-3-12","55"
"2016-3-3","113"
"2013-3-26","44"
"2017-11-8","120"
"2013-12-1","34"
"2011-12-2","22"
"2017-10-21","73"
"2013-4-23","68"
"2011-2-26","12"
"2009-9-29","6"
"2017-5-30","106"
"2013-4-2","65"
"2015-2-6","66"
"2015-10-6","89"
"2018-6-22","86"
"2012-7-27","37"
"2018-8-29","142"
"2013-11-12","79"
"2018-10-23","133"
"2013-8-20","50"
"2009-7-12","6"
"2011-5-11","29"
"2013-4-6","46"
"2018-1-3","105"
"2009-5-2","3"
"2012-1-7","23"
"2010-1-31","15"
"2019-8-16","99"
"2010-10-1","23"
"2018-7-26","121"
"2015-6-13","39"
"2014-12-5","77"
"2014-7-31","66"
"2019-4-25","137"
"2017-9-18","80"
"2011-9-24","16"
"2011-8-20","9"
"2018-3-4","73"
"2016-8-25","74"
"2013-11-20","71"
"2015-11-28","51"
"2012-5-30","41"
"2013-10-11","62"
"2013-2-11","47"
"2013-5-20","50"
"2009-6-9","9"
"2012-12-16","23"
"2010-4-18","9"
"2012-11-12","33"
"2009-7-2","13"
"2015-1-2","42"
"2011-5-5","17"
"2009-10-22","5"
"2012-3-15","35"
"2012-6-18","39"
"2014-8-1","57"
"2014-9-21","41"
"2019-7-29","130"
"2012-1-21","20"
"2017-9-21","126"
"2010-3-18","11"
"2012-3-6","22"
"2018-6-18","126"
"2013-3-28","61"
"2013-3-6","60"
"2017-2-5","58"
"2019-2-21","165"
"2013-5-8","57"
"2015-4-26","52"
"2016-5-24","103"
"2012-7-22","19"
"2019-3-2","76"
"2011-11-1","27"
"2016-10-7","77"
"2019-3-17","105"
"2010-1-22","7"
"2018-12-9","75"
"2013-3-21","62"
"2018-4-7","68"
"2017-4-17","93"
"2015-2-14","44"
"2018-5-21","91"
"2015-1-21","82"
"2017-6-5","85"
"2018-8-5","73"
"2014-7-6","40"
"2017-9-12","105"
"2017-6-30","108"
"2011-5-30","28"
"2010-6-25","12"
"2017-5-13","67"
"2014-6-10","65"
"2012-10-4","48"
"2011-5-25","37"
"2014-8-6","80"
"2011-3-1","29"
"2016-8-22","84"
"2010-2-26","7"
"2016-6-10","82"
"2011-3-17","31"
"2012-1-9","25"
"2011-5-20","20"
"2014-11-6","79"
"2018-3-9","103"
"2009-7-8","6"
"2009-1-21","2"
"2014-5-28","83"
"2013-10-8","71"
"2015-12-19","35"
"2014-1-24","71"
"2019-2-15","108"
"2012-4-28","36"
"2011-2-6","6"
"2019-4-30","116"
"2018-3-21","134"
"2011-7-22","25"
"2014-8-3","42"
"2014-9-6","30"
"2015-10-21","88"
"2014-8-19","58"
"2018-10-4","115"
"2017-11-13","107"
"2017-9-6","113"
"2011-10-27","35"
"2018-9-28","106"
"2012-6-5","41"
"2018-9-1","68"
"2012-11-9","49"
"2010-12-27","13"
"2013-8-17","24"
"2011-1-24","21"
"2013-12-12","66"
"2011-12-8","35"
"2012-5-28","40"
"2018-9-15","70"
"2013-5-5","29"
"2014-9-18","67"
"2011-7-15","37"
"2008-10-16","4"
"2017-2-21","105"
"2019-4-10","145"
"2013-11-27","75"
"2011-9-10","21"
"2013-5-16","75"
"2012-8-21","42"
"2012-9-2","29"
"2017-1-21","47"
"2010-4-21","15"
"2013-2-14","42"
"2019-5-7","126"
"2013-1-10","48"
"2018-2-15","109"
"2019-7-18","144"
"2009-3-9","7"
"2016-3-30","106"
"2010-10-12","21"
"2015-8-11","91"
"2019-3-12","167"
"2015-4-9","74"
"2010-8-18","21"
"2019-6-13","137"
"2015-10-9","86"
"2018-1-25","123"
"2016-4-12","99"
"2011-6-28","33"
"2018-6-23","55"
"2016-2-15","91"
"2011-10-30","16"
"2018-11-3","87"
"2010-3-22","16"
"2014-4-23","67"
"2013-9-3","52"
"2018-5-9","99"
"2014-4-22","79"
"2016-4-4","94"
"2010-1-16","3"
"2018-1-13","66"
"2014-3-18","82"
"2010-8-3","30"
"2018-7-16","110"
"2019-4-13","70"
"2010-9-20","12"
"2010-4-7","8"
"2008-12-11","6"
"2015-7-11","47"
"2019-8-21","153"
"2018-9-29","73"
"2013-8-5","54"
"2009-1-7","4"
"2015-8-13","83"
"2014-1-14","78"
"2013-4-16","65"
"2012-11-19","49"
"2018-3-26","88"
"2017-5-2","115"
"2012-7-12","48"
"2016-8-31","90"
"2015-10-14","99"
"2016-9-12","71"
"2016-6-3","96"
"2010-7-13","31"
"2009-10-20","7"
"2011-3-5","23"
"2015-12-9","94"
"2018-8-15","124"
"2018-12-18","130"
"2015-5-1","61"
"2015-12-27","32"
"2013-12-24","45"
"2013-7-7","40"
"2014-4-6","66"
"2019-2-28","137"
"2013-9-19","53"
"2012-2-14","38"
"2013-3-11","62"
"2016-12-12","85"
"2019-6-27","137"
"2012-8-4","17"
"2019-7-28","72"
"2013-11-2","43"
"2018-7-23","123"
"2016-8-11","89"
"2018-10-1","112"
"2014-7-14","57"
"2014-6-18","65"
"2009-9-2","6"
"2011-12-19","19"
"2010-1-29","19"
"2016-7-4","74"
"2015-1-26","53"
"2013-7-12","63"
"2016-12-24","47"
"2015-8-5","95"
"2013-10-12","37"
"2014-4-1","79"
"2013-9-27","51"
"2017-7-31","109"
"2015-5-18","68"
"2019-1-19","79"
"2017-6-10","65"
"2008-9-19","4"
"2009-8-8","3"
"2013-6-16","27"
"2017-7-18","139"
"2018-7-20","94"
"2013-8-26","54"
"2015-12-28","63"
"2016-7-26","95"
"2019-4-9","137"
"2019-5-17","109"
"2009-10-17","4"
"2011-3-28","29"
"2014-12-17","69"
"2009-12-31","4"
"2017-11-17","96"
"2009-9-28","8"
"2011-8-13","20"
"2013-12-27","53"
"2017-3-30","128"
"2018-2-12","150"
"2016-2-22","100"
"2010-1-12","13"
"2013-3-3","27"
"2016-8-9","88"
"2018-5-16","137"
"2014-5-30","68"
"2012-3-21","45"
"2011-2-21","22"
"2009-2-26","4"
"2010-2-15","9"
"2019-7-31","160"
"2019-8-24","81"
"2012-4-2","33"
"2013-10-2","65"
"2012-7-31","49"
"2012-2-24","30"
"2019-3-21","160"
"2016-7-3","45"
"2017-12-12","130"
"2014-12-24","48"
"2018-11-6","128"
"2017-12-30","58"
"2019-1-20","69"
"2010-5-6","12"
"2009-11-21","9"
"2014-2-12","79"
"2018-7-28","60"
"2014-11-20","85"
"2013-12-19","61"
"2017-4-11","129"
"2014-11-4","69"
"2016-2-28","68"
"2016-6-20","77"
"2013-2-16","35"
"2011-11-6","11"
"2011-12-10","23"
"2012-9-22","20"
"2009-4-20","3"
"2008-8-20","1"
"2009-2-16","6"
"2014-4-19","55"
"2015-12-6","59"
"2009-5-26","7"
"2019-4-2","146"
"2009-12-2","15"
"2010-1-17","6"
"2014-10-24","41"
"2009-4-10","1"
"2013-4-17","70"
"2009-10-11","6"
"2019-7-30","147"
"2015-7-14","90"
"2011-1-17","26"
"2010-6-3","14"
"2017-7-28","115"
"2017-4-30","60"
"2018-5-23","128"
"2017-12-24","54"
"2015-10-11","50"
"2010-4-26","16"
"2016-11-10","101"
"2019-7-23","150"
"2013-3-10","43"
"2012-1-10","21"
"2008-9-3","1"
"2011-7-12","36"
"2017-10-28","84"
"2017-8-27","57"
"2013-6-19","61"
"2017-12-1","109"
"2010-3-1","11"
"2017-5-10","128"
"2014-2-26","89"
"2012-12-2","33"
"2011-2-1","25"
"2016-2-18","106"
"2015-12-11","76"
"2016-1-29","76"
"2017-1-14","59"
"2019-5-26","50"
"2019-6-14","111"
"2017-4-13","94"
"2015-6-21","43"
"2012-11-24","30"
"2009-8-20","8"
"2010-2-12","10"
"2010-6-23","8"
"2017-3-21","107"
"2014-11-11","66"
"2009-3-17","3"
"2012-7-8","14"
"2015-6-2","81"
"2016-2-20","65"
"2011-9-30","23"
"2017-6-7","109"
"2019-2-25","174"
"2008-8-28","1"
"2018-8-12","43"
"2015-6-7","40"
"2014-9-16","61"
"2013-8-28","48"
"2012-11-5","49"
"2012-2-20","33"
"2018-8-13","94"
"2010-10-26","27"
"2012-10-27","30"
"2015-10-30","85"
"2009-9-4","9"
"2017-4-8","66"
"2012-1-20","25"
"2011-6-12","10"
"2010-2-13","5"
"2010-7-29","21"
"2019-6-21","128"
"2009-5-22","7"
"2013-3-17","33"
"2018-4-4","114"
"2015-4-30","83"
"2014-1-9","68"
"2011-2-10","24"
"2013-10-3","40"
"2009-1-24","2"
"2014-1-11","31"
"2018-7-1","58"
"2015-9-5","33"
"2011-6-8","31"
"2015-9-21","73"
"2016-7-29","79"
"2011-4-24","17"
"2015-6-9","84"
"2009-1-28","4"
"2016-9-2","86"
"2011-2-9","17"
"2012-4-1","16"
"2012-8-9","54"
"2016-5-23","96"
"2014-4-10","76"
"2009-8-12","8"
"2011-2-3","19"
"2014-3-5","89"
"2008-10-21","4"
"2008-9-23","7"
"2018-12-14","112"
"2016-10-12","107"
"2019-3-28","129"
"2012-9-11","36"
"2012-6-30","28"
"2009-8-28","3"
"2009-12-29","8"
"2011-4-23","19"
"2009-11-25","11"
"2014-6-22","30"
"2015-11-10","83"
"2016-2-13","53"
"2014-8-11","58"
"2016-11-5","62"
"2013-10-9","68"
"2009-9-5","5"
"2016-5-15","56"
"2018-1-27","69"
"2009-4-4","3"
"2009-3-3","6"
"2018-11-13","142"
"2018-9-12","144"
"2009-4-11","4"
"2012-7-20","50"
"2012-12-12","36"
"2019-2-12","156"
"2013-6-1","28"
"2008-8-27","1"
"2010-8-6","15"
"2013-7-29","57"
"2012-10-28","33"
"2016-5-26","86"
"2010-11-13","14"
"2013-1-26","24"
"2014-8-14","53"
"2015-3-30","82"
"2009-4-5","4"
"2011-8-22","29"
"2011-2-18","24"
"2014-1-31","70"
"2015-8-26","83"
"2011-11-12","16"
"2018-9-24","129"
"2013-5-26","25"
"2015-7-21","88"
"2019-2-22","143"
"2013-8-18","27"
"2010-12-26","14"
"2014-10-14","60"
"2011-12-3","23"
"2011-4-5","24"
"2012-2-10","26"
"2015-3-23","69"
"2014-4-12","70"
"2015-9-1","88"
"2013-4-10","60"
"2008-11-4","5"
"2019-4-8","157"
"2010-6-11","16"
"2018-8-14","108"
"2017-6-13","110"
"2015-3-9","80"
"2014-5-22","73"
"2010-10-24","19"
"2009-6-13","6"
"2010-5-24","12"
"2017-9-26","112"
"2019-6-7","101"
"2010-11-30","18"
"2011-10-9","20"
"2015-8-16","36"
"2019-7-20","83"
"2017-12-26","70"
"2015-4-10","70"
"2013-7-21","35"
"2014-5-19","69"
"2013-1-3","53"
"2018-9-3","127"
"2015-9-11","59"
"2014-6-2","68"
"2018-5-8","112"
"2017-4-25","109"
"2011-3-4","33"
"2012-4-25","41"
"2013-8-25","37"
"2010-8-25","15"
"2013-3-9","39"
"2012-10-30","42"
"2012-5-12","26"
"2018-12-3","142"
"2013-7-4","49"
"2018-7-19","148"
"2011-9-25","9"
"2016-5-9","79"
"2015-5-24","31"
"2012-2-25","20"
"2010-4-5","6"
"2012-10-2","44"
"2016-8-18","88"
"2010-6-19","9"
"2014-7-11","73"
"2014-3-29","56"
"2016-7-14","101"
"2016-9-25","54"
"2017-6-27","116"
"2018-7-18","124"
"2009-9-14","13"
"2015-8-17","75"
"2017-5-20","72"
"2013-4-25","61"
"2010-10-14","18"
"2017-10-1","64"
"2013-12-3","88"
"2016-6-6","98"
"2010-9-3","16"
"2013-6-29","43"
"2012-5-13","7"
"2014-6-7","16"
"2014-12-11","74"
"2015-4-19","49"
"2014-9-22","68"
"2015-5-21","74"
"2010-12-15","14"
"2013-7-11","84"
"2013-1-15","49"
"2016-6-30","90"
"2016-4-15","95"
"2018-10-17","159"
"2009-3-21","2"
"2013-11-30","48"
"2013-8-7","62"
"2013-9-14","40"
"2014-7-29","65"
"2017-10-16","107"
"2019-3-6","164"
"2009-5-12","7"
"2015-3-8","51"
"2010-8-15","11"
"2010-10-5","19"
"2011-1-21","21"
"2018-12-29","72"
"2017-5-22","98"
"2018-10-31","141"
"2015-11-19","106"
"2013-12-22","32"
"2012-11-6","54"